Class,Method,Smell,Tecnicas,Commit,Refactoring,Left Side,Right Side
org.bigbluebutton.freeswitch.voice.freeswitch.actions.GetAllUsersCommand,handleResponse,Alto Acoplamento Efferent,"[A, V, X]",,,,
org.bigbluebutton.presentation.imp.Pdf2SwfPageConverter,convert,Muitos Parametros,"[A, X]",,,,
org.bigbluebutton.screenshare.client.javacv.FfmpegScreenshare,setupLinuxRecorder,Muitos Parametros,"[A, V, X]",,,,
jnlp.sample.servlet.JnlpFileHandler,getJnlpFile,Alto Acoplamento Efferent,"[A, V, X]",,,,
org.bigbluebutton.app.video.VideoApplication,streamBroadcastStart,Alto Acoplamento Efferent,"[A, R, D, V, X]",,,,
org.bytedeco.javacpp.indexer.UByteBufferIndexer,get,Muitos Parametros,"[A, V, X]",,,,
org.zoolu.sip.dialog.ExtendedInviteDialog,onTransFailureResponse,Alto Acoplamento Efferent,"[A, D, V, X]",,,,
org.imsglobal.basiclti.XMLMap,getOrAddChildNode,Muitos Parametros,"[A, V, X]",,,,
name.fraser.neil.plaintext.diff_match_patch,diff_cleanupEfficiency,Metodo Longo,"[A, V, X]",,,,
org.red5.app.sip.codecs.g729.LpcFunc,int_lpc,Muitos Parametros,"[A, V, X]",,,,
org.bytedeco.javacpp.tools.Parser,parse,Metodo Longo,"[A, R, D, V, X]",,,,
org.bytedeco.javacpp.tools.DeclarationList,add,Alto Acoplamento Efferent,[D],,,,
org.bytedeco.javacpp.indexer.UByteIndexer,create,Muitos Parametros,"[A, X]",,,,
org.bigbluebutton.screenshare.client.net.NetworkHttpStreamSender,sendCaptureStartEvent,Muitos Parametros,"[A, X]",,,,
org.bytedeco.javacpp.indexer.IntArrayIndexer,get,Muitos Parametros,"[A, V, X]",,,,
name.fraser.neil.plaintext.diff_match_patch,diff_map,Metodo Longo,"[A, R, D, V, X]",,,,
org.red5.app.sip.codecs.asao.Utility,byte2float,Muitos Parametros,"[A, R, D, V, X]",,,,
org.bigbluebutton.deskshare.client.frame.WindowlessFrame,mouseDragged,Muitos Desvios,"[A, R, D, V, X]",,,,
org.zoolu.sip.dialog.ExtendedInviteDialog,onTransFailureResponse,Muitos Desvios,"[A, V, X]",,,,
org.zoolu.sip.call.Call,onDlgInviteFailureResponse,Muitos Parametros,"[A, X]",,,,
org.bytedeco.javacpp.indexer.LongBufferIndexer,put,Muitos Parametros,"[A, V, X]",,,,
org.zoolu.sip.message.BaseSipResponses,init,Metodo Longo,[V],,,,
org.zoolu.sip.provider.SipProvider,sendMessage,Metodo Longo,[V],,,,
org.red5.app.sip.codecs.g729.Pitch,g_pitch,Muitos Parametros,"[A, R, D, V, X]",,,,
local.ua.GraphicalUA,onUaRegistrationFailure,Muitos Parametros,"[A, X]",,,,
org.bytedeco.javacpp.indexer.ByteArrayIndexer,get,Muitos Parametros,"[A, V, X]",,,,
org.bytedeco.javacpp.ClassProperties,load,Alto Acoplamento Efferent,"[A, V, X]",,,,
org.red5.app.sip.codecs.g729.PostFil,search_del,Muitos Desvios,"[A, R, D, V, X]",,,,
org.red5.app.sip.codecs.ilbc.ilbc_encoder,FrameClassify,Muitos Desvios,"[A, V, X]",,,,
org.red5.app.sip.codecs.ilbc.ilbc_decoder,enh_upsample,Muitos Parametros,"[A, X]",,,,
org.red5.app.sip.codecs.CodecUtils,byteToShortArray,Muitos Parametros,"[A, X]",,,,
org.imsglobal.basiclti.XMLMap,recurse,Muitos Desvios,"[A, R, D, V, X]",,,,
org.bytedeco.javacpp.tools.TokenIndexer,filter,Muitos Desvios,"[A, R, D, V, X]",,,,
org.bytedeco.javacpp.indexer.DoubleArrayIndexer,get,Muitos Parametros,"[A, V, X]",,,,
org.bigbluebutton.deskshare.client.net.HttpScreenCaptureSender,connect,Muitos Parametros,"[A, X]",,,,
name.fraser.neil.plaintext.diff_match_patch,diff_cleanupSemanticLossless,Muitos Desvios,"[A, V, X]",,,,
org.red5.app.sip.codecs.g729.Pitch,enc_lag3,Muitos Parametros,"[A, R, D, V, X]",,,,
local.ua.UserAgent,onCallIncoming,Muitos Parametros,"[A, V, X]",,,,
org.bytedeco.javacpp.tools.Parser,parse,Muitos Parametros,"[A, V, X]",,,,
org.bigbluebutton.screenshare.client.ScreenRegionSharer,onStartCapture,Muitos Parametros,"[A, X]",,,,
org.bytedeco.javacpp.tools.Builder,compile,Metodo Longo,"[A, R, D, V, X]",,,,
local.ua.MessageAgent,send,Muitos Parametros,"[A, X]",,,,
org.red5.app.sip.codecs.ilbc.ilbc_encoder,iCBSearch,Muitos Desvios,"[A, R, D, V, X]",,,,
org.bigbluebutton.app.screenshare.red5.Red5AppAdapter,streamBroadcastClose,Alto Acoplamento Efferent,"[A, R, D, V, X]",,,,
org.bigbluebutton.transcode.core.processmonitor.ProcessMonitor,run,Metodo Longo,[V],,,,
jnlp.sample.servlet.JarDiffHandler,download,Metodo Longo,[V],,,,
org.imsglobal.pox.IMSPOXRequest,getResponse,Muitos Parametros,"[A, R, D, V, X]",,,,
org.red5.app.sip.codecs.asao.Encoder,encode,Muitos Parametros,"[A, R, D, V, X]",,,,
org.imsglobal.basiclti.BasicLTIUtil,postLaunchHTML,Muitos Desvios,[V],,,,
org.bytedeco.javacpp.tools.Parser,attribute,Muitos Desvios,"[A, V, X]",,,,
jnlp.sample.servlet.JnlpFileHandler,getJnlpFileEx,Muitos Desvios,"[A, V, X]",,,,
org.bytedeco.javacpp.Loader,findLibrary,Metodo Longo,"[A, V]",,,,
org.bigbluebutton.voiceconf.red5.Application,appConnect,Alto Acoplamento Efferent,[A],,,,
org.freeswitch.esl.client.inbound.Client,connect,Alto Acoplamento Efferent,"[A, V, X]",,,,
org.bigbluebutton.app.screenshare.red5.Red5AppAdapter,streamBroadcastStart,Alto Acoplamento Efferent,"[A, V, X]",,,,
org.red5.app.sip.codecs.ilbc.ilbc_common,AllPoleFilter,Muitos Parametros,"[A, R, D, V, X]",,,,
local.ua.Jukebox,main,Metodo Longo,"[A, V, X]",,,,
local.ua.CommandLinePA,main,Metodo Longo,"[A, V, X]",,,,
org.red5.app.sip.codecs.g729.CelpCo,cor_h,Metodo Longo,"[A, R, D, V, X]",,,,
org.red5.app.sip.codecs.g729.Filter,convolve,Muitos Parametros,"[A, R, D, V, X]",,,,
org.red5.app.sip.codecs.g729.PostFil,post,Muitos Parametros,"[A, R, D, V, X]",,,,
org.bigbluebutton.app.screenshare.red5.Red5AppAdapter,streamBroadcastClose,Metodo Longo,[V],,,,
local.media.RtpStreamTranslator,run,Metodo Longo,[V],,,,
org.zoolu.tools.Mangle,copyBytes,Muitos Parametros,"[A, X]",,,,
org.bytedeco.javacpp.indexer.ByteRawIndexer,put,Muitos Parametros,"[A, V, X]",,,,
org.bytedeco.javacv.Frame,createIndexer,Alto Acoplamento Efferent,"[A, R, V, X]",,,,
org.bytedeco.javacv.FFmpegFrameRecorder,recordImage,Muitos Parametros,"[A, R, V, X]",,,,
org.zoolu.sip.dialog.InviteDialog,onReceivedMessage,Muitos Desvios,"[A, D, V, X]",,,,
org.imsglobal.json.IMSJSONRequest,loadFromRequest,Alto Acoplamento Efferent,"[A, V, X]",,,,
org.bigbluebutton.presentation.PresentationUrlDownloadService,extractPage,Metodo Longo,[V],,,,
org.bytedeco.javacpp.tools.Generator,methodInformation,Muitos Desvios,"[A, R, V, X]",,,,
jnlp.sample.servlet.JarDiffHandler,generateJarDiff,Muitos Parametros,"[A, X]",,,,
net.oauth.SimpleOAuthValidator,checkSingleParameters,Alto Acoplamento Efferent,"[A, V, X]",,,,
org.bytedeco.javacv.FFmpegFrameRecorder,recordSamples,Metodo Longo,"[A, R, V, X]",,,,
org.red5.app.sip.codecs.g729.LspGetq,lsp_get_quant,Muitos Parametros,"[A, R, D, V, X]",,,,
org.red5.app.sip.trancoders.NellyToPcmTranscoder,transcode,Muitos Parametros,"[A, R, V, X]",,,,
org.red5.app.sip.codecs.ilbc.ilbc_encoder,SplitVQ,Muitos Parametros,"[A, R, D, V, X]",,,,
org.red5.app.sip.registration.SipRegisterAgent,onTransSuccessResponse,Muitos Desvios,"[A, V, X]",,,,
org.bigbluebutton.presentation.imp.Png2SwfPageConverter,convert,Muitos Parametros,"[A, X]",,,,
org.bytedeco.javacv.FFmpegFrameRecorder,releaseUnsafe,Metodo Longo,"[A, V, X]",,,,
local.ua.GraphicalUA,onUaRegistrationSuccess,Muitos Parametros,"[A, X]",,,,
org.imsglobal.basiclti.Base64,encode,Metodo Longo,[V],,,,
org.bigbluebutton.presentation.imp.Pdf2SwfPageConverter,convert,Metodo Longo,"[A, R, D, V, X]",,,,
org.bigbluebutton.presentation.PresentationUrlDownloadService,followRedirect,Muitos Parametros,"[A, X]",,,,
org.bytedeco.javacpp.indexer.UShortIndexer,create,Muitos Parametros,"[A, X]",,,,
org.bytedeco.javacpp.indexer.UShortArrayIndexer,put,Muitos Parametros,"[A, V, X]",,,,
local.ua.CommandLinePA,onUaRegistrationSuccess,Muitos Parametros,"[A, X]",,,,
org.bytedeco.javacpp.tools.Generator,classes,Metodo Longo,"[A, R, V, X]",,,,
local.ua.CommandLineMA,main,Alto Acoplamento Efferent,"[A, V, X]",,,,
org.zoolu.sip.dialog.InviteDialog,onTransSuccessResponse,Muitos Desvios,[V],,,,
org.bytedeco.javacpp.indexer.LongIndexer,create,Muitos Parametros,"[A, X]",,,,
org.zoolu.sip.call.ExtendedCall,onDlgReferResponse,Muitos Parametros,"[A, X]",,,,
com.myjavatools.web.ClientHttpRequest,post,Muitos Parametros,"[A, R, D, V, X]",,,,
org.zoolu.sip.provider.SipProvider,processReceivedMessage,Metodo Longo,"[A, R, D, V, X]",,,,
org.bytedeco.javacpp.tools.Parser,containers,Alto Acoplamento Efferent,"[A, R, D, V, X]",,,,
org.red5.app.sip.codecs.asao.Utility,float2byte,Muitos Parametros,"[A, R, D, V, X]",,,,
org.red5.app.sip.codecs.g729.GainPred,gain_predict,Muitos Parametros,"[A, X]",,,,
local.media.UdpStreamSender,init,Muitos Parametros,"[A, R, D, V, X]",,,,
org.zoolu.sip.provider.SipProvider,processReceivedMessage,Muitos Desvios,"[A, R, D, V, X]",,,,
org.bytedeco.javacpp.indexer.CharArrayIndexer,put,Muitos Parametros,"[A, V, X]",,,,
org.red5.app.sip.codecs.g729.Pitch,pitch_fr3,Muitos Parametros,"[A, R, D, V, X]",,,,
local.media.RtpStreamSender,run,Metodo Longo,[V],,,,
org.bytedeco.javacpp.tools.Builder,generateAndCompile,Metodo Longo,"[A, V]",,,,
net.oauth.client.URLConnectionClient,execute,Metodo Longo,"[A, V, X]",,,,
org.bigbluebutton.webminer.web.controller.SearchController,onSubmit,Metodo Longo,"[A, R, V, X]",,,,
org.red5.app.sip.codecs.g729.LspDec,d_lsp,Muitos Parametros,"[A, X]",,,,
org.red5.app.sip.codecs.ilbc.ilbc_decoder,compCorr,Muitos Parametros,"[A, R, D, V, X]",,,,
org.red5.app.sip.codecs.ilbc.ilbc_decoder,doThePLC,Muitos Desvios,"[A, V, X]",,,,
org.red5.app.sip.codecs.ilbc.ilbc_common,gainquant,Muitos Parametros,"[A, V, X]",,,,
org.bytedeco.javacpp.tools.Parser,enumeration,Metodo Longo,"[A, R, D, V, X]",,,,
org.bigbluebutton.presentation.imp.PdfToSwfSlidesGenerationService,generateSlides,Metodo Longo,"[A, V, X]",,,,
org.imsglobal.pox.IMSPOXRequest,loadFromRequest,Metodo Longo,"[A, V]",,,,
org.red5.app.sip.codecs.g729.PostFil,scale_st,Muitos Parametros,"[A, V, X]",,,,
local.media.UdpStreamSender,run,Muitos Desvios,"[A, D, V, X]",,,,
org.red5.app.sip.codecs.ilbc.ilbc_decoder,DownSample,Metodo Longo,[V],,,,
org.bigbluebutton.core.util.jhotdraw.Geom,chop,Metodo Longo,[V],,,,
org.bytedeco.javacpp.indexer.FloatBufferIndexer,get,Muitos Parametros,"[A, V, X]",,,,
jnlp.sample.jardiff.JarDiff,main,Metodo Longo,"[A, V]",,,,
org.bigbluebutton.core.util.jhotdraw.Geom,angle,Muitos Parametros,"[A, X]",,,,
org.bytedeco.javacpp.tools.Parser,declarations,Alto Acoplamento Efferent,[A],,,,
org.red5.app.sip.codecs.g729.PostFil,filt_mu,Muitos Parametros,"[A, V, X]",,,,
org.bytedeco.javacpp.indexer.LongIndexer,get,Muitos Parametros,"[A, V, X]",,,,
net.oauth.OAuthMessage,addRequiredParameters,Muitos Desvios,[V],,,,
org.red5.app.sip.codecs.ilbc.ilbc_encoder,iCBSearch,Muitos Parametros,"[A, R, D, V, X]",,,,
local.ua.UserAgent,launchMediaApplication,Alto Acoplamento Efferent,"[A, D, V, X]",,,,
org.bytedeco.javacpp.tools.TokenIndexer,filter,Metodo Longo,"[A, V, X]",,,,
org.bytedeco.javacpp.indexer.UShortRawIndexer,put,Muitos Parametros,"[A, V, X]",,,,
org.bigbluebutton.transcode.core.ffmpeg.FFmpegUtils,createSDPVideoFile,Muitos Parametros,"[A, R, D, V, X]",,,,
org.bigbluebutton.presentation.imp.Office2PdfPageConverter,convert,Alto Acoplamento Efferent,"[A, V, X]",,,,
org.red5.app.sip.codecs.g729.Pitch,lag_max,Muitos Parametros,"[A, R, D, V, X]",,,,
org.bytedeco.javacpp.tools.Generator,checkPlatform,Metodo Longo,[V],,,,
org.bytedeco.javacpp.tools.TokenIndexer,expand,Muitos Desvios,"[A, R, D, V, X]",,,,
org.zoolu.sip.transaction.InviteTransactionClient,onReceivedMessage,Muitos Desvios,"[A, D, V, X]",,,,
org.bytedeco.javacpp.tools.Builder,main,Metodo Longo,[V],,,,
org.bytedeco.javacpp.tools.Generator,functionMethod,Muitos Desvios,"[A, V, X]",,,,
local.ua.UserAgent,launchMediaApplication,Metodo Longo,"[A, D, V, X]",,,,
org.bytedeco.javacpp.tools.Parser,parameters,Alto Acoplamento Efferent,"[A, V, X]",,,,
org.bigbluebutton.core.util.jhotdraw.Geom,distanceFromLine,Muitos Parametros,"[A, R, D, V, X]",,,,
org.red5.app.sip.BufferUtils,byteBufferIndexedCopy,Muitos Parametros,"[A, V, X]",,,,
org.bytedeco.javacpp.tools.Generator,classes,Muitos Parametros,"[A, V, X]",,,,
org.bytedeco.javacpp.tools.InfoMap,normalize,Metodo Longo,[V],,,,
local.ua.CommandLinePA,onPaNotificationRequest,Muitos Parametros,"[A, R, D, V, X]",,,,
org.red5.app.sip.codecs.ilbc.ilbc_common,lsf2a,Metodo Longo,"[A, V, X]",,,,
org.bytedeco.javacv.FFmpegFrameRecorder,recordImage,Alto Acoplamento Efferent,"[A, R, V, X]",,,,
jnlp.sample.jardiff.JarDiff,createPatch,Muitos Desvios,"[A, R, V, X]",,,,
org.bigbluebutton.red5.pubsub.MessagePublisher,startRotateUpsideDownTranscoderRequest,Muitos Parametros,"[A, X]",,,,
org.freeswitch.esl.client.example.EslEventListener,conferenceEventJoin,Muitos Parametros,"[A, X]",,,,
org.imsglobal.pox.IMSPOXRequest,getResponse,Metodo Longo,[V],,,,
org.bytedeco.javacpp.tools.Generator,signature,Muitos Desvios,[V],,,,
org.bigbluebutton.core.util.jhotdraw.Bezier,generateBezier,Muitos Parametros,"[A, R, D, V, X]",,,,
name.fraser.neil.plaintext.diff_match_patch,diff_compute,Muitos Desvios,"[A, V, X]",,,,
org.bytedeco.javacpp.indexer.CharIndexer,create,Muitos Parametros,"[A, X]",,,,
org.bigbluebutton.freeswitch.voice.freeswitch.ESLEventListener,conferenceEventUnMute,Muitos Parametros,"[A, X]",,,,
org.bigbluebutton.core.util.jhotdraw.Bezier,findCorners,Muitos Desvios,[V],,,,
org.bytedeco.javacpp.indexer.FloatArrayIndexer,get,Muitos Parametros,"[A, V, X]",,,,
org.red5.app.sip.codecs.ilbc.ilbc_common,AllZeroFilter,Muitos Parametros,"[A, R, D, V, X]",,,,
org.bigbluebutton.voiceconf.red5.Application,appConnect,Metodo Longo,[V],,,,
local.server.Registrar,updateRegistration,Alto Acoplamento Efferent,"[A, V, X]",,,,
org.red5.app.sip.codecs.g729.PredLt,pred_lt_3,Muitos Parametros,"[A, V, X]",,,,
org.bytedeco.javacpp.indexer.LongArrayIndexer,put,Muitos Parametros,"[A, V, X]",,,,
org.bigbluebutton.presentation.PresentationUrlDownloadService,extractPage,Muitos Parametros,"[A, X]",,,,
local.media.AudioSender,main,Metodo Longo,"[A, R, D, V, X]",,,,
org.red5.app.sip.codecs.g729.LpcFunc,get_lsp_pol,Muitos Parametros,"[A, X]",,,,
jnlp.sample.servlet.ResourceCatalog,matchEntry,Muitos Parametros,"[A, V, X]",,,,
org.bigbluebutton.deskshare.client.DeskShareApplet,init,Muitos Desvios,[V],,,,
org.imsglobal.pox.IMSPOXRequest,loadFromRequest,Alto Acoplamento Efferent,[A],,,,
org.bytedeco.javacpp.ClassProperties,load,Muitos Desvios,"[A, R, V, X]",,,,
org.imsglobal.basiclti.BasicLTIUtil,signProperties,Muitos Parametros,"[A, R, D, V, X]",,,,
org.freeswitch.esl.client.transport.message.EslFrameDecoder,decode,Muitos Parametros,"[A, X]",,,,
org.bigbluebutton.api.MeetingService,processStunTurnInfoRequested,Alto Acoplamento Efferent,"[A, V, X]",,,,
org.bigbluebutton.api.MeetingService,processMessage,Metodo Longo,[V],,,,
org.bytedeco.javacpp.Loader,findLibrary,Muitos Parametros,"[A, X]",,,,
org.bigbluebutton.core.util.jhotdraw.BezierPath,splitSegment,Muitos Desvios,"[A, V, X]",,,,
org.imsglobal.basiclti.XMLMap,runSamples,Metodo Longo,"[A, R, D, V, X]",,,,
org.bigbluebutton.messages.CreateMeetingRequestTest,testCreateMeetingRequest,Alto Acoplamento Efferent,[A],,,,
org.bigbluebutton.freeswitch.voice.freeswitch.ESLEventListener,conferenceEventAction,Muitos Parametros,"[A, D, V, X]",,,,
org.bigbluebutton.deskshare.client.DeskshareMain,main,Alto Acoplamento Efferent,"[A, R, D, V, X]",,,,
name.fraser.neil.plaintext.diff_match_patch,diff_cleanupSemantic,Metodo Longo,[V],,,,
jnlp.sample.servlet.JnlpFileHandler,getJnlpFileEx,Alto Acoplamento Efferent,"[A, R, D, V, X]",,,,
org.red5.app.sip.trancoders.PcmToNellyTranscoder,transcode,Muitos Parametros,"[A, R, V, X]",,,,
org.imsglobal.basiclti.BasicLTIUtil,signProperties,Alto Acoplamento Efferent,"[A, V, X]",,,,
org.zoolu.sip.call.Call,onDlgInviteSuccessResponse,Muitos Parametros,"[A, V, X]",,,,
org.bytedeco.javacpp.tools.Parser,templateArguments,Muitos Desvios,[V],,,,
org.bigbluebutton.core.util.jhotdraw.BezierPath,toGeneralPath,Muitos Desvios,"[A, V, X]",,,,
org.bytedeco.javacpp.tools.Parser,group,Metodo Longo,"[A, R, D, V, X]",,,,
net.oauth.client.OAuthClient,invoke,Muitos Parametros,"[A, X]",,,,
org.bigbluebutton.api.Proxy,getCreateURL,Muitos Parametros,"[A, R, D, V, X]",,,,
org.bytedeco.javacpp.Loader,load,Metodo Longo,[V],,,,
org.bytedeco.javacpp.tools.Parser,type,Metodo Longo,"[A, R, D, V, X]",,,,
org.bigbluebutton.screenshare.client.javacv.FfmpegScreenshare,setupMacOsXRecorder,Muitos Parametros,"[A, V, X]",,,,
net.oauth.signature.Base64,encode,Muitos Desvios,"[A, V, X]",,,,
jnlp.sample.jardiff.JarDiffPatcher,applyPatch,Muitos Desvios,[V],,,,
org.bytedeco.javacpp.Loader,load,Muitos Desvios,"[A, V, X]",,,,
org.bigbluebutton.deskshare.client.net.HttpScreenCaptureSender,sendVideoData,Alto Acoplamento Efferent,[D],,,,
org.zoolu.sip.dialog.NotifierDialog,respond,Muitos Parametros,"[A, R, D, V, X]",,,,
org.zoolu.tools.Log,init,Muitos Parametros,"[A, X]",,,,
org.red5.app.sip.codecs.ilbc.ilbc_decoder,refiner,Metodo Longo,[V],,,,
org.bytedeco.javacpp.tools.Generator,parametersAfter,Muitos Desvios,"[A, R, V, X]",,,,
org.red5.app.sip.codecs.ilbc.ilbc_encoder,hpInput,Muitos Parametros,"[A, X]",,,,
org.red5.app.sip.codecs.g729.Filter,syn_filt,Muitos Parametros,"[A, R, D, V, X]",,,,
org.red5.app.sip.codecs.ilbc.ilbc_decoder,Decode,Muitos Desvios,"[A, V, X]",,,,
org.bigbluebutton.presentation.imp.Pdf2SwfPageConverter,convert,Muitos Desvios,"[A, V, X]",,,,
org.bigbluebutton.core.util.jhotdraw.Geom,lineContainsPoint,Muitos Parametros,"[A, R, D, V, X]",,,,
org.freeswitch.esl.client.inbound.Client,connect,Muitos Parametros,"[A, X]",,,,
org.bytedeco.javacv.FFmpegFrameRecorder,releaseUnsafe,Muitos Desvios,"[A, V, X]",,,,
org.zoolu.sip.call.SdpTools,sdpMediaProduct,Muitos Desvios,[V],,,,
org.bytedeco.javacpp.indexer.ShortBufferIndexer,put,Muitos Parametros,"[A, V, X]",,,,
org.zoolu.sip.call.ExtendedCall,onDlgAltRequest,Muitos Parametros,"[A, X]",,,,
org.bigbluebutton.core.util.jhotdraw.BezierPath,arcTo,Metodo Longo,"[A, V, X]",,,,
local.ua.PresenceAgent,onDlgSubscriptionSuccess,Muitos Parametros,"[A, X]",,,,
org.bigbluebutton.api.MeetingService,run,Metodo Longo,[V],,,,
org.bigbluebutton.api.MeetingService,registerUser,Muitos Parametros,"[A, R, D, V, X]",,,,
org.bigbluebutton.voiceconf.sip.SdpUtils,createInitialSdp,Muitos Parametros,"[A, V, X]",,,,
org.bytedeco.javacpp.indexer.FloatIndexer,get,Muitos Parametros,"[A, V, X]",,,,
org.bytedeco.javacpp.tools.Parser,type,Muitos Desvios,"[A, R, D, V, X]",,,,
org.bytedeco.javacpp.Loader,getEnclosingClass,Muitos Desvios,"[A, V, X]",,,,
org.freeswitch.esl.client.inbound.ClientTest,conferenceEventUnMute,Muitos Parametros,"[A, X]",,,,
org.red5.app.sip.codecs.g729.Pitch,pitch_ol,Muitos Parametros,"[A, V, X]",,,,
org.zoolu.sip.authentication.DigestAuthentication,init,Muitos Parametros,"[A, X]",,,,
org.bigbluebutton.deskshare.client.net.BlockStreamProtocolEncoder,encodeMouseLocation,Muitos Parametros,"[A, X]",,,,
org.red5.app.sip.codecs.g729.QuaLsp,lsp_select_2,Muitos Parametros,"[A, V, X]",,,,
org.freeswitch.esl.client.inbound.ClientTest,do_connect,Metodo Longo,"[A, D, V]",,,,
local.ua.CommandLinePA,onUaRegistrationFailure,Muitos Parametros,"[A, X]",,,,
org.red5.app.sip.codecs.g729.DecGain,dec_gain,Muitos Parametros,"[A, R, D, V, X]",,,,
org.freeswitch.esl.client.example.EslEventListener,conferenceEventLeave,Muitos Parametros,"[A, X]",,,,
org.bigbluebutton.webminer.web.controller.CourseIndexingController,onSubmit,Alto Acoplamento Efferent,"[A, R, V, X]",,,,
local.server.UserAuthInfo,load,Metodo Longo,[V],,,,
org.imsglobal.basiclti.XMLMap,iterateMap,Metodo Longo,[V],,,,
org.bytedeco.javacpp.indexer.IntIndexer,create,Muitos Parametros,"[A, X]",,,,
org.bigbluebutton.api.RecordingService,recordingMatchesMetadata,Muitos Desvios,[V],,,,
org.zoolu.sip.message.BaseMessageFactory,createRegisterRequest,Muitos Parametros,"[A, X]",,,,
org.bytedeco.javacpp.tools.Parser,function,Metodo Longo,"[A, R, D, V, X]",,,,
org.red5.app.sip.codecs.ilbc.ilbc_encoder,vq,Muitos Parametros,"[A, R, D, V, X]",,,,
local.ua.RegisterAgent,onTransSuccessResponse,Muitos Desvios,"[D, V]",,,,
name.fraser.neil.plaintext.diff_match_patch,diff_fromDelta,Metodo Longo,[V],,,,
org.red5.app.sip.codecs.ilbc.ilbc_decoder,enhancer,Muitos Parametros,"[A, R, D, V, X]",,,,
org.red5.app.sip.codecs.ilbc.ilbc_encoder,filteredCBvecs,Muitos Parametros,"[A, X]",,,,
local.ua.CommandLineUA,run,Muitos Desvios,"[A, V, X]",,,,
org.bigbluebutton.deskshare.client.net.NetworkSocketStreamSender,processNextMessageToSend,Metodo Longo,[V],,,,
local.media.RtpStreamTranslator,init,Muitos Parametros,"[A, X]",,,,
jnlp.sample.jardiff.JarDiffPatcher,applyPatch,Metodo Longo,"[A, V, X]",,,,
org.bytedeco.javacpp.tools.Parser,declarations,Muitos Desvios,"[A, R, D, V, X]",,,,
org.bigbluebutton.presentation.imp.ImageToSwfSlidesGenerationService,handleSlideGenerationResult,Alto Acoplamento Efferent,[A],,,,
org.bytedeco.javacpp.tools.Builder,main,Muitos Desvios,"[A, V, X]",,,,
org.bigbluebutton.transcode.core.VideoTranscoder,startTranscoder,Muitos Desvios,"[A, R, V, X]",,,,
org.red5.app.sip.codecs.g729.PostFil,pst_ltp,Muitos Parametros,"[A, R, D, V, X]",,,,
org.red5.app.sip.SipUserAgent,onCallIncoming,Muitos Parametros,"[A, V, X]",,,,
org.bigbluebutton.deskshare.client.net.BlockStreamSender,connect,Muitos Parametros,"[A, X]",,,,
local.ua.PresenceAgent,onDlgNotify,Muitos Parametros,"[A, R, D, V, X]",,,,
org.bigbluebutton.deskshare.client.VersionCheckUtil,validateMinJREVersion,Muitos Desvios,"[A, V, X]",,,,
org.bigbluebutton.freeswitch.voice.FreeswitchConferenceEventListener,sendMessageToBigBlueButton,Metodo Longo,[V],,,,
org.bigbluebutton.deskshare.common.ScreenVideoEncoder,encodePixels,Muitos Parametros,"[A, X]",,,,
org.bigbluebutton.deskshare.client.net.SocketScreenVideoSender,sendCapturedScreen,Alto Acoplamento Efferent,[D],,,,
org.bigbluebutton.voiceconf.sip.GlobalCall,addGlobalAudioStream,Muitos Parametros,"[A, X]",,,,
org.red5.app.sip.registration.SipRegisterAgent,onTransSuccessResponse,Metodo Longo,[V],,,,
org.red5.app.sip.SdpUtils,createInitialSdp,Muitos Parametros,"[A, V, X]",,,,
org.bytedeco.javacpp.indexer.DoubleArrayIndexer,put,Muitos Parametros,"[A, V, X]",,,,
org.red5.app.sip.codecs.g729.Pwf,perc_var,Muitos Parametros,"[A, V, X]",,,,
org.bytedeco.javacpp.tools.Parser,containers,Muitos Desvios,"[A, R, D, V, X]",,,,
org.zoolu.sip.call.CallListenerAdapter,onCallTransfer,Muitos Parametros,"[A, X]",,,,
org.red5.app.sip.codecs.g729.PostFil,search_del,Metodo Longo,"[A, R, D, V, X]",,,,
org.bigbluebutton.freeswitch.voice.freeswitch.ESLEventListener,conferenceEventRecord,Metodo Longo,[V],,,,
org.bigbluebutton.api.messaging.NullMessagingService,sendPolls,Muitos Parametros,"[A, D, V, X]",,,,
name.fraser.neil.plaintext.diff_match_patch,match_bitap,Metodo Longo,"[A, V, X]",,,,
org.bytedeco.javacpp.indexer.LongBufferIndexer,get,Muitos Parametros,"[A, V, X]",,,,
local.server.AuthenticationServerImpl,authenticateRequest,Metodo Longo,[V],,,,
org.red5.app.sip.codecs.ilbc.ilbc_encoder,a2lsf,Muitos Desvios,"[A, V, X]",,,,
org.zoolu.sip.call.Call,onDlgReInviteProvisionalResponse,Muitos Parametros,"[A, V, X]",,,,
org.red5.app.sip.SipUserManager,createSipUser,Muitos Parametros,"[A, X]",,,,
local.ua.GraphicalUA,main,Alto Acoplamento Efferent,"[A, V, X]",,,,
org.red5.app.sip.codecs.ilbc.ilbc_encoder,SimplelsfQ,Muitos Parametros,"[A, X]",,,,
org.zoolu.sip.dialog.SubscriberDialog,reSubscribe,Muitos Parametros,"[A, X]",,,,
org.bigbluebutton.app.videobroadcast.VideoStreamListener,packetReceived,Alto Acoplamento Efferent,"[A, R, V, X]",,,,
org.red5.app.sip.codecs.ilbc.ilbc_decoder,xCorrCoef,Muitos Parametros,"[A, V, X]",,,,
org.bytedeco.javacpp.indexer.IntArrayIndexer,put,Muitos Parametros,"[A, V, X]",,,,
org.bytedeco.javacpp.tools.InfoMap,normalize,Muitos Desvios,"[A, V, X]",,,,
org.bytedeco.javacpp.tools.Builder,compile,Muitos Desvios,"[A, R, D, V, X]",,,,
org.red5.app.sip.codecs.ilbc.ilbc_common,iCBConstruct,Muitos Parametros,"[A, R, D, V, X]",,,,
org.zoolu.sip.message.MessageFactory,createNotifyRequest,Muitos Parametros,"[A, V, X]",,,,
org.bigbluebutton.core.util.jhotdraw.Bezier,fitBezierPath,Muitos Desvios,[V],,,,
org.bigbluebutton.transcode.core.processmonitor.ProcessMonitor,start,Metodo Longo,[V],,,,
org.bytedeco.javacpp.indexer.ByteRawIndexer,get,Muitos Parametros,"[A, V, X]",,,,
org.bigbluebutton.screenshare.client.net.BlockStreamSender,connect,Muitos Parametros,"[A, X]",,,,
org.red5.app.sip.codecs.g729.QuaLsp,relspwed,Muitos Parametros,"[A, R, D, V, X]",,,,
org.bigbluebutton.voiceconf.sip.SipPeerManager,call,Muitos Parametros,"[A, X]",,,,
org.bytedeco.javacpp.tools.Builder,generateAndCompile,Muitos Desvios,[V],,,,
org.bigbluebutton.app.screenshare.red5.Red5AppHandler,screenShareClientPongMessage,Muitos Parametros,"[A, X]",,,,
jnlp.sample.servlet.ResourceCatalog,lookupResource,Alto Acoplamento Efferent,[A],,,,
org.bigbluebutton.freeswitch.voice.freeswitch.ESLEventListener,conferenceEventJoin,Muitos Parametros,"[A, X]",,,,
local.ua.Jukebox,onUaRegistrationSuccess,Muitos Parametros,"[A, X]",,,,
org.bigbluebutton.voiceconf.sip.SipPeerManager,startTalkStream,Muitos Parametros,"[A, X]",,,,
org.bigbluebutton.transcode.core.VideoTranscoder,props,Muitos Parametros,"[A, X]",,,,
org.bigbluebutton.deskshare.client.ScreenRegionSharer,onStartCapture,Muitos Parametros,"[A, X]",,,,
org.bytedeco.javacv.FFmpegFrameRecorder,recordImage,Metodo Longo,"[A, V, X]",,,,
local.ua.UserAgentProfile,init,Muitos Desvios,"[A, V, X]",,,,
org.freeswitch.esl.client.inbound.ClientTest,conferenceEventLeave,Muitos Parametros,"[A, X]",,,,
org.bytedeco.javacv.FFmpegFrameRecorder,startUnsafe,Muitos Desvios,"[A, R, V, X]",,,,
org.bigbluebutton.red5.client.messaging.ConnectionInvokerService,sendMessageToClient,Muitos Desvios,[V],,,,
org.bigbluebutton.red5.client.MeetingClientMessageSender,handleMeetingMessage,Metodo Longo,[V],,,,
org.bigbluebutton.core.util.jhotdraw.Geom,intersect,Muitos Parametros,"[A, R, D, V, X]",,,,
org.red5.app.sip.codecs.g729.CorFunc,corr_xy2,Muitos Parametros,"[A, X]",,,,
org.bigbluebutton.webminer.web.controller.SearchController,processFormSubmission,Muitos Parametros,"[A, X]",,,,
org.red5.app.sip.codecs.ilbc.ilbc_encoder,iLBC_encode,Muitos Desvios,"[A, R, D, V, X]",,,,
org.bytedeco.javacpp.indexer.ByteIndexer,create,Muitos Parametros,"[A, X]",,,,
org.red5.app.sip.codecs.g729.DecLag,dec_lag3,Muitos Parametros,"[A, R, D, V, X]",,,,
org.bigbluebutton.voiceconf.sip.SdpUtils,createInitialSdp,Muitos Desvios,"[A, R, D, V, X]",,,,
jnlp.sample.jardiff.JarDiff,differs,Muitos Desvios,[V],,,,
org.red5.app.sip.codecs.ilbc.ilbc_decoder,enhancerInterface,Muitos Desvios,"[A, V, X]",,,,
org.red5.app.sip.codecs.g729.PostFil,filt_plt,Muitos Parametros,"[A, R, D, V, X]",,,,
org.freeswitch.esl.client.inbound.ClientTest,conferenceEventTransfer,Muitos Parametros,"[A, X]",,,,
net.oauth.signature.RSA_SHA1,getPrivateKeyFromPem,Alto Acoplamento Efferent,[A],,,,
org.zoolu.net.TcpConnection,run,Metodo Longo,[V],,,,
org.bytedeco.javacpp.Loader,(static_block),Muitos Desvios,"[A, V, X]",,,,
org.red5.app.sip.codecs.ilbc.ilbc_decoder,hpOutput,Muitos Parametros,"[A, X]",,,,
org.bytedeco.javacpp.indexer.FloatBufferIndexer,put,Muitos Parametros,"[A, V, X]",,,,
org.bytedeco.javacv.FFmpegFrameGrabber,grabFrame,Alto Acoplamento Efferent,[A],,,,
local.ua.UserAgent,onCallRedirection,Muitos Parametros,"[A, X]",,,,
jnlp.sample.servlet.JnlpDownloadServlet,handleRequest,Muitos Desvios,"[D, V]",,,,
org.zoolu.sip.call.Call,onDlgByeSuccessResponse,Muitos Parametros,"[A, X]",,,,
net.oauth.signature.pem.Asn1Object,getString,Muitos Desvios,[V],,,,
org.imsglobal.basiclti.XMLMap,recurse,Alto Acoplamento Efferent,"[A, R, D, V, X]",,,,
org.bytedeco.javacpp.Loader,extractResource,Muitos Desvios,[V],,,,
org.bigbluebutton.messages.CreateMeetingRequestTest,testCreateMeetingRequest,Metodo Longo,[D],,,,
org.red5.app.sip.codecs.ilbc.ilbc_encoder,StateSearchW,Muitos Parametros,"[A, R, D, V, X]",,,,
org.bytedeco.javacpp.tools.Parser,enumeration,Muitos Desvios,"[A, R, D, V, X]",,,,
org.bigbluebutton.webminer.web.controller.CourseIndexingController,onSubmit,Metodo Longo,[V],,,,
org.zoolu.sip.provider.SipStack,parseLine,Muitos Desvios,"[A, R, V, X]",,,,
org.zoolu.sip.call.CallListenerAdapter,onCallIncoming,Muitos Parametros,"[A, D, V, X]",,,,
local.media.UdpStreamReceiver,run,Muitos Desvios,[V],,,,
org.bytedeco.javacv.FFmpegFrameGrabber,startUnsafe,Metodo Longo,"[A, R, V, X]",,,,
org.zoolu.sip.call.Call,onDlgReInviteSuccessResponse,Muitos Parametros,"[A, V, X]",,,,
org.red5.app.sip.codecs.ilbc.ilbc_decoder,doThePLC,Metodo Longo,"[A, V, X]",,,,
org.red5.app.sip.codecs.ilbc.ilbc_common,bwexpand,Muitos Parametros,"[A, V, X]",,,,
org.zoolu.tools.Log,printPacketTimestamp,Muitos Parametros,"[A, R, D, V, X]",,,,
local.server.CallLoggerImpl,update,Muitos Desvios,[V],,,,
org.zoolu.sip.message.MessageFactory,createMessageRequest,Muitos Parametros,"[A, R, V, X]",,,,
org.bytedeco.javacpp.tools.Context,qualify,Muitos Desvios,"[A, V, X]",,,,
org.red5.app.sip.codecs.ilbc.ilbc_encoder,SimpleInterpolateLSF,Muitos Parametros,"[A, R, D, V, X]",,,,
jnlp.sample.jardiff.JarDiffPatcher,getSubpaths,Muitos Desvios,[V],,,,
name.fraser.neil.plaintext.diff_match_patch,diff_halfMatch,Muitos Desvios,[V],,,,
org.bigbluebutton.presentation.imp.TextFileCreatorImp,generateTextFiles,Metodo Longo,[V],,,,
org.zoolu.tools.MD5,transform,Metodo Longo,"[A, R, V, X]",,,,
org.bytedeco.javacpp.tools.ClassScanner,addMatchingDir,Muitos Parametros,"[A, X]",,,,
org.bytedeco.javacpp.indexer.CharBufferIndexer,put,Muitos Parametros,"[A, V, X]",,,,
org.bigbluebutton.freeswitch.voice.freeswitch.ESLEventListener,conferenceEventPlayFile,Muitos Parametros,"[A, X]",,,,
local.net.RtpPacket,init,Muitos Parametros,"[A, X]",,,,
org.bytedeco.javacpp.Loader,extractResource,Muitos Parametros,"[A, V, X]",,,,
local.server.ServerEngine,validateRequest,Muitos Desvios,"[A, V, X]",,,,
name.fraser.neil.plaintext.diff_match_patch,diff_cleanupSemantic,Muitos Desvios,"[A, V, X]",,,,
org.bigbluebutton.webminer.web.model.SessionHitsOrganizer,generateResultGroup,Metodo Longo,"[A, V, X]",,,,
org.bigbluebutton.red5.client.messaging.ConnectionInvokerService,handleDirectToClientMsg,Metodo Longo,[V],,,,
org.red5.app.sip.codecs.g729.CelpCo,d4i40_17,Muitos Parametros,"[A, R, D, V, X]",,,,
org.red5.app.sip.codecs.ilbc.ilbc_decoder,DownSample,Muitos Parametros,"[A, R, D, V, X]",,,,
local.ua.PresenceAgent,onDlgNotificationFailure,Muitos Parametros,"[A, X]",,,,
org.bigbluebutton.screenshare.client.DeskshareMain,main,Metodo Longo,"[A, V, X]",,,,
org.bigbluebutton.voiceconf.sip.SipPeerManager,stopTalkStream,Muitos Parametros,"[A, X]",,,,
name.fraser.neil.plaintext.diff_match_patch,diff_path2,Metodo Longo,[V],,,,
org.red5.app.sip.codecs.ilbc.ilbc_decoder,smath,Muitos Desvios,"[A, V, X]",,,,
org.bigbluebutton.deskshare.client.net.SocketScreenVideoSender,connect,Muitos Parametros,"[A, X]",,,,
org.bigbluebutton.screenshare.client.frame.WindowlessFrame,mouseDragged,Muitos Desvios,"[A, D, V, X]",,,,
org.zoolu.sip.message.BaseMessageFactory,createResponse,Muitos Parametros,"[A, R, D, V, X]",,,,
org.bytedeco.javacpp.indexer.DoubleBufferIndexer,put,Muitos Parametros,"[A, V, X]",,,,
org.bigbluebutton.voiceconf.messaging.RedisMessagingService,validateConnAuthToken,Muitos Parametros,"[A, X]",,,,
org.imsglobal.basiclti.XMLMap,storeInDom,Muitos Parametros,"[A, R, D, V, X]",,,,
org.bytedeco.javacpp.tools.Generator,callback,Muitos Parametros,"[A, V, X]",,,,
org.bigbluebutton.app.video.VideoApplication,roomConnect,Metodo Longo,"[A, D, V, X]",,,,
org.bigbluebutton.api.messaging.NullMessagingService,registerUser,Muitos Parametros,"[A, R, D, V, X]",,,,
org.bigbluebutton.red5.pubsub.MessagePublisher,startRotateLeftTranscoderRequest,Muitos Parametros,"[A, X]",,,,
org.zoolu.sip.dialog.ExtendedInviteDialog,onTransFailureResponse,Metodo Longo,[V],,,,
org.zoolu.sip.provider.SipProvider,sendMessage,Muitos Desvios,"[A, V, X]",,,,
org.bigbluebutton.core.util.jhotdraw.Bezier,computeMaxError,Muitos Parametros,"[A, R, D, V, X]",,,,
name.fraser.neil.plaintext.diff_match_patch,diff_cleanupSemanticScore,Muitos Desvios,[V],,,,
org.bigbluebutton.red5.BigBlueButtonApplication,roomConnect,Alto Acoplamento Efferent,"[A, V, X]",,,,
org.zoolu.sip.call.Call,onDlgInviteRedirectResponse,Muitos Parametros,"[A, V, X]",,,,
org.bytedeco.javacpp.tools.Generator,methods,Muitos Desvios,"[A, R, V, X]",,,,
local.server.StatefulProxy,processRequestToLocalUser,Muitos Desvios,"[A, V, X]",,,,
org.bytedeco.javacpp.tools.Parser,declarator,Muitos Desvios,"[A, R, D, V, X]",,,,
org.red5.app.sip.codecs.asao.CodecImpl,auxceps,Muitos Parametros,"[A, V, X]",,,,
org.bigbluebutton.presentation.PresentationUrlDownloadService,extractPresentationPage,Muitos Parametros,"[A, X]",,,,
org.zoolu.net.TcpConnection,run,Muitos Desvios,"[A, D, V, X]",,,,
org.bytedeco.javacpp.indexer.ShortIndexer,get,Muitos Parametros,"[A, V, X]",,,,
local.ua.UserAgentProfile,parseLine,Muitos Desvios,"[A, R, V, X]",,,,
org.bigbluebutton.red5.client.MeetingClientMessageSender,handleMeetingMessage,Muitos Desvios,"[A, V, X]",,,,
org.bytedeco.javacpp.tools.Builder,compile,Muitos Parametros,"[A, X]",,,,
org.bytedeco.javacpp.indexer.IntRawIndexer,get,Muitos Parametros,"[A, V, X]",,,,
org.bytedeco.javacpp.tools.Generator,cppFunctionTypeName,Alto Acoplamento Efferent,"[A, V, X]",,,,
org.bytedeco.javacpp.tools.Generator,methods,Metodo Longo,"[A, R, V, X]",,,,
org.bytedeco.javacpp.indexer.DoubleIndexer,put,Muitos Parametros,"[A, V, X]",,,,
local.server.Proxy,processRequestToLocalUser,Muitos Desvios,[V],,,,
org.bytedeco.javacpp.tools.Generator,call,Muitos Desvios,"[A, R, V, X]",,,,
name.fraser.neil.plaintext.diff_match_patch,diff_fromDelta,Muitos Desvios,"[A, V, X]",,,,
org.bigbluebutton.api.ParamsProcessorUtil,processCreateParams,Muitos Desvios,"[A, V, X]",,,,
org.red5.app.sip.codecs.asao.CodecImpl,wc,Muitos Desvios,"[A, R, D, V, X]",,,,
org.imsglobal.basiclti.XMLMap,iterateMap,Muitos Desvios,"[A, V, X]",,,,
org.red5.app.sip.ConnectionClientMethodInvoker,onNewIncomingCall,Muitos Parametros,"[A, X]",,,,
org.red5.app.sip.codecs.g729.Pitch,norm_corr,Muitos Parametros,"[A, R, D, V, X]",,,,
org.zoolu.sip.dialog.InviteDialog,getStatus,Muitos Desvios,"[A, V, X]",,,,
org.bytedeco.javacpp.indexer.FloatArrayIndexer,put,Muitos Parametros,"[A, V, X]",,,,
org.red5.app.sip.codecs.ilbc.ilbc_decoder,enh_upsample,Metodo Longo,[V],,,,
local.ua.CommandLineMA,onMaReceivedMessage,Muitos Parametros,"[A, R, D, V, X]",,,,
org.bigbluebutton.screenshare.client.VersionCheckUtil,validateMinJREVersion,Muitos Desvios,"[A, V, X]",,,,
org.red5.app.sip.codecs.ilbc.ilbc_decoder,DecoderInterpolateLSF,Muitos Parametros,"[A, X]",,,,
org.bigbluebutton.presentation.imp.Jpeg2SwfPageConverter,convert,Muitos Parametros,"[A, X]",,,,
org.zoolu.sip.dialog.SubscriberDialog,onReceivedMessage,Muitos Desvios,"[A, V, X]",,,,
org.bigbluebutton.freeswitch.voice.freeswitch.ESLEventListener,conferenceEventLeave,Muitos Parametros,"[A, X]",,,,
name.fraser.neil.plaintext.diff_match_patch,patch_apply,Muitos Desvios,"[A, V, X]",,,,
org.bytedeco.javacpp.indexer.LongIndexer,put,Muitos Parametros,"[A, V, X]",,,,
jnlp.sample.servlet.DownloadRequest,getStringList,Muitos Desvios,[V],,,,
jnlp.sample.servlet.JnlpFileHandler,specializeJnlpTemplate,Metodo Longo,"[A, V, X]",,,,
org.imsglobal.basiclti.BasicLTIUtil,signProperties,Muitos Desvios,"[A, V, X]",,,,
local.ua.PresenceAgent,onDlgSubscriptionFailure,Muitos Parametros,"[A, X]",,,,
org.red5.app.sip.codecs.ilbc.ilbc_encoder,LSFinterpolate2a_enc,Muitos Parametros,"[A, R, D, V, X]",,,,
org.bytedeco.javacpp.indexer.UShortRawIndexer,get,Muitos Parametros,"[A, V, X]",,,,
org.bytedeco.javacpp.Pointer,deallocator,Metodo Longo,[D],,,,
org.bigbluebutton.deskshare.client.net.FileScreenCaptureSender,connect,Muitos Parametros,"[A, X]",,,,
org.bytedeco.javacpp.indexer.ByteIndexer,put,Muitos Parametros,"[A, V, X]",,,,
net.oauth.http.HttpMessage,newRequest,Muitos Desvios,"[A, V, X]",,,,
org.bytedeco.javacpp.tools.Generator,cppCastTypeName,Muitos Desvios,"[A, V, X]",,,,
org.bigbluebutton.app.video.VideoApplication,streamBroadcastClose,Alto Acoplamento Efferent,"[A, R, D, V, X]",,,,
org.bigbluebutton.screenshare.client.javacv.FfmpegScreenshare,go,Muitos Parametros,"[A, V, X]",,,,
jargs.gnu.CmdLineParser,parse,Muitos Desvios,"[A, V, X]",,,,
org.zoolu.sip.message.BaseMessageFactory,createRequest,Alto Acoplamento Efferent,"[A, R, D, V, X]",,,,
org.freeswitch.esl.client.inbound.ClientTest,conferenceEventPlayFile,Muitos Parametros,"[A, X]",,,,
org.bigbluebutton.red5.BigBlueButtonApplication,roomConnect,Metodo Longo,"[D, V]",,,,
local.media.AudioReceiver,main,Alto Acoplamento Efferent,"[A, V, X]",,,,
local.ua.CommandLineMA,onMaDeliverySuccess,Muitos Parametros,"[A, X]",,,,
local.ua.MiniJukebox,main,Muitos Desvios,"[A, R, V, X]",,,,
org.bytedeco.javacpp.indexer.UByteArrayIndexer,get,Muitos Parametros,"[A, V, X]",,,,
org.zoolu.sip.dialog.Dialog,update,Muitos Desvios,"[A, R, D, V, X]",,,,
org.bytedeco.javacpp.indexer.CharArrayIndexer,get,Muitos Parametros,"[A, V, X]",,,,
org.bytedeco.javacv.FFmpegFrameRecorder,recordImage,Muitos Desvios,"[A, R, V, X]",,,,
org.bigbluebutton.screenshare.client.DeskshareMain,main,Alto Acoplamento Efferent,"[A, R, D, V, X]",,,,
org.bigbluebutton.screenshare.client.net.BlockStreamProtocolEncoder,encodeStartStreamMessage,Muitos Parametros,"[A, V, X]",,,,
org.red5.app.sip.codecs.ilbc.ilbc_encoder,AbsQuantW,Muitos Parametros,"[A, R, D, V, X]",,,,
org.bigbluebutton.api.messaging.NullMessagingService,createMeeting,Muitos Parametros,"[A, R, D, V, X]",,,,
org.bytedeco.javacpp.Loader,loadLibrary,Metodo Longo,"[A, V, X]",,,,
org.red5.app.sip.SipUser,setupUserProfile,Muitos Parametros,"[A, X]",,,,
name.fraser.neil.plaintext.diff_match_patch,patch_make,Muitos Desvios,"[A, V, X]",,,,
org.red5.app.sip.codecs.asao.Codec,process,Muitos Parametros,"[A, R, D, V, X]",,,,
org.bytedeco.javacpp.indexer.IntIndexer,put,Muitos Parametros,"[A, V, X]",,,,
org.bigbluebutton.core.util.jhotdraw.BezierPath,findSegment,Muitos Desvios,[V],,,,
org.red5.app.sip.codecs.g729.PostFil,compute_ltp_l,Muitos Parametros,"[A, R, D, V, X]",,,,
org.red5.app.sip.codecs.asao.CodecImpl,encode,Muitos Desvios,[V],,,,
org.bytedeco.javacpp.tools.Generator,checkPlatform,Muitos Desvios,"[A, V, X]",,,,
org.zoolu.sip.call.Call,onDlgInvite,Muitos Parametros,"[A, V, X]",,,,
org.red5.app.sip.codecs.g729.PostFil,search_del,Muitos Parametros,"[A, R, D, V, X]",,,,
org.zoolu.sip.message.BaseMessageFactory,createRequest,Muitos Parametros,"[A, R, D, V, X]",,,,
org.red5.app.sip.codecs.ilbc.ilbc_decoder,syntFilter,Muitos Parametros,"[A, R, D, V, X]",,,,
org.bigbluebutton.api.ParamsProcessorUtil,processCreateParams,Metodo Longo,"[A, R, D, V, X]",,,,
jnlp.sample.servlet.JnlpFileHandler,parseTimeStamp,Metodo Longo,[V],,,,
org.bytedeco.javacpp.ClassProperties,addAll,Muitos Desvios,[V],,,,
org.bigbluebutton.api.MeetingService,run,Muitos Desvios,"[A, D, V, X]",,,,
org.bytedeco.javacpp.tools.Tokenizer,nextToken,Metodo Longo,"[A, R, V, X]",,,,
org.bytedeco.javacpp.tools.Generator,callback,Metodo Longo,"[A, R, V, X]",,,,
org.red5.app.sip.codecs.asao.CodecImpl,fTransfm,Muitos Parametros,"[A, R, D, V, X]",,,,
jnlp.sample.servlet.JarDiffHandler,generateJarDiff,Alto Acoplamento Efferent,[A],,,,
org.bigbluebutton.deskshare.client.net.NetworkSocketStreamSender,processNextMessageToSend,Alto Acoplamento Efferent,"[A, D, V, X]",,,,
org.bigbluebutton.screenshare.client.javacv.FfmpegScreenshare,setupWindowsGrabber,Muitos Parametros,"[A, X]",,,,
org.bytedeco.javacpp.tools.Generator,jniTypeName,Metodo Longo,"[A, V]",,,,
org.bigbluebutton.deskshare.client.net.BlockStreamProtocolEncoder,encodeStartStreamMessage,Muitos Parametros,"[A, R, D, V, X]",,,,
org.bigbluebutton.app.video.VideoApplication,streamBroadcastClose,Metodo Longo,[V],,,,
org.bytedeco.javacpp.tools.Parser,function,Muitos Desvios,"[A, R, D, V, X]",,,,
org.bytedeco.javacpp.tools.Generator,adapterInformation,Muitos Desvios,"[A, V, X]",,,,
org.red5.app.sip.SipUserManager,login,Muitos Parametros,"[A, R, D, V, X]",,,,
org.freeswitch.esl.client.example.EslEventListener,conferenceEventThreadRun,Muitos Parametros,"[A, X]",,,,
jnlp.sample.servlet.JnlpDownloadServlet,handleRequest,Metodo Longo,"[D, V]",,,,
org.bigbluebutton.core.util.jhotdraw.BezierPath,getBounds2D,Muitos Desvios,"[A, R, V, X]",,,,
org.red5.app.sip.codecs.ilbc.ilbc_decoder,smath,Muitos Parametros,"[A, V, X]",,,,
net.oauth.http.HttpMessage,newRequest,Alto Acoplamento Efferent,"[A, V, X]",,,,
org.bytedeco.javacpp.tools.Parser,function,Alto Acoplamento Efferent,"[A, V, X]",,,,
org.bytedeco.javacpp.ClassProperties,load,Metodo Longo,"[A, R, V, X]",,,,
org.bytedeco.javacv.FFmpegFrameRecorder,recordSamples,Muitos Desvios,"[A, R, V, X]",,,,
org.bigbluebutton.voiceconf.sip.SipRegisterAgent,onTransSuccessResponse,Metodo Longo,[V],,,,
local.ua.CommandLineUA,main,Muitos Desvios,"[A, R, D, V, X]",,,,
org.red5.app.sip.codecs.ilbc.ilbc_decoder,smath,Metodo Longo,"[A, V]",,,,
org.freeswitch.esl.client.inbound.Client,run,Metodo Longo,"[A, V]",,,,
org.bytedeco.javacpp.indexer.Indexer,toString,Muitos Desvios,"[A, D, V, X]",,,,
local.ua.CommandLineMA,main,Metodo Longo,"[A, V, X]",,,,
org.bytedeco.javacpp.tools.Generator,generate,Muitos Parametros,"[A, X]",,,,
org.bytedeco.javacpp.tools.Parser,declarator,Muitos Parametros,"[A, R, D, V, X]",,,,
org.bytedeco.javacpp.indexer.CharRawIndexer,get,Muitos Parametros,"[A, V, X]",,,,
org.zoolu.sip.call.Call,onDlgByeFailureResponse,Muitos Parametros,"[A, X]",,,,
org.bytedeco.javacpp.indexer.UShortBufferIndexer,put,Muitos Parametros,"[A, V, X]",,,,
org.bytedeco.javacpp.tools.Generator,returnAfter,Metodo Longo,"[A, R, V, X]",,,,
org.bytedeco.javacpp.indexer.DoubleIndexer,create,Muitos Parametros,"[A, X]",,,,
org.bigbluebutton.freeswitch.voice.freeswitch.FreeswitchApplication,deskShareBroadcastRTMP,Muitos Parametros,"[A, X]",,,,
local.server.UserAuthInfo,load,Muitos Desvios,[V],,,,
jnlp.sample.servlet.ResourceCatalog,parseVersionXML,Metodo Longo,"[A, V, X]",,,,
local.server.Registrar,updateRegistration,Metodo Longo,"[A, V, X]",,,,
org.bigbluebutton.core.util.jhotdraw.BezierPath,getRelativePositionOnPath,Muitos Desvios,[V],,,,
jnlp.sample.servlet.DownloadResponse,getFileDownloadResponse,Muitos Parametros,"[A, X]",,,,
org.red5.app.sip.codecs.g729.DecLD8K,decod_ld8k,Metodo Longo,"[A, V, X]",,,,
jnlp.sample.servlet.Logger,addWarning,Muitos Parametros,"[A, X]",,,,
org.zoolu.sip.transaction.TransactionClient,onReceivedMessage,Muitos Desvios,"[A, V, X]",,,,
org.bytedeco.javacpp.indexer.DoubleRawIndexer,put,Muitos Parametros,"[A, V, X]",,,,
org.red5.app.sip.codecs.g729.PostFil,select_ltp,Muitos Parametros,"[A, X]",,,,
org.freeswitch.esl.client.example.EslEventListener,conferenceEventAction,Muitos Parametros,"[A, D, V, X]",,,,
org.bytedeco.javacv.FFmpegFrameGrabber,grabFrame,Muitos Desvios,"[A, R, V, X]",,,,
org.red5.app.sip.codecs.asao.CodecImpl,decode,Muitos Desvios,[V],,,,
org.bytedeco.javacpp.indexer.UByteIndexer,get,Muitos Parametros,"[A, V, X]",,,,
name.fraser.neil.plaintext.diff_match_patch,diff_compute,Metodo Longo,"[A, V, X]",,,,
org.bigbluebutton.core.util.jhotdraw.Bezier,findCorners,Metodo Longo,[V],,,,
org.bigbluebutton.core.util.jhotdraw.Bezier,fitCubic,Muitos Parametros,"[A, R, D, V, X]",,,,
org.zoolu.sip.call.Call,onDlgInviteProvisionalResponse,Muitos Parametros,"[A, V, X]",,,,
org.red5.app.sip.codecs.ilbc.ilbc_decoder,getsseq,Muitos Parametros,"[A, R, D, V, X]",,,,
org.imsglobal.basiclti.XMLMap,iterateMap,Muitos Parametros,"[A, X]",,,,
org.red5.app.sip.codecs.g729.QuaGain,gbk_presel,Muitos Parametros,"[A, X]",,,,
org.bigbluebutton.app.video.VideoStreamListener,packetReceived,Alto Acoplamento Efferent,"[A, R, V, X]",,,,
org.zoolu.sip.provider.SipProvider,processReceivedMessage,Alto Acoplamento Efferent,"[A, R, D, V, X]",,,,
local.ua.CommandLineMA,onUaRegistrationFailure,Muitos Parametros,"[A, X]",,,,
org.zoolu.sip.dialog.InviteDialog,onReceivedMessage,Alto Acoplamento Efferent,[D],,,,
local.net.RtpPacket,setInt,Muitos Parametros,"[A, X]",,,,
org.bytedeco.javacpp.indexer.ShortArrayIndexer,get,Muitos Parametros,"[A, V, X]",,,,
org.bigbluebutton.voiceconf.sip.CallAgent,onCallRedirection,Muitos Parametros,"[A, X]",,,,
jargs.gnu.CmdLineParser,parse,Metodo Longo,[V],,,,
local.ua.CommandLinePA,main,Muitos Desvios,"[A, R, D, V, X]",,,,
org.bigbluebutton.core.util.jhotdraw.BezierPath,quadTo,Muitos Parametros,"[A, X]",,,,
org.bigbluebutton.api.ParamsProcessorUtil,processUpdateCreateParams,Muitos Desvios,"[A, V, X]",,,,
org.bigbluebutton.transcode.core.VideoTranscoder,startTranscoder,Metodo Longo,"[A, R, V, X]",,,,
org.bigbluebutton.deskshare.common.ScreenVideoEncoder,encodeBlockAndScreenDimensions,Muitos Parametros,"[A, X]",,,,
org.bigbluebutton.freeswitch.voice.freeswitch.response.XMLResponseConferenceListParser,endElement,Muitos Desvios,"[A, V, X]",,,,
local.ua.UserAgent,launchMediaApplication,Muitos Desvios,"[A, R, D, V, X]",,,,
org.bigbluebutton.screenshare.client.javacv.FfmpegScreenshare,go,Metodo Longo,[V],,,,
org.red5.server.webapp.sip.SipPhoneApplication,open,Muitos Parametros,"[A, R, D, V, X]",,,,
net.oauth.client.URLConnectionClient,execute,Muitos Desvios,"[A, V, X]",,,,
org.red5.app.sip.codecs.g729.LpcFunc,weight_az,Muitos Parametros,"[A, R, D, V, X]",,,,
local.ua.GraphicalUA,main,Muitos Desvios,"[A, R, V, X]",,,,
org.red5.app.sip.codecs.CodecUtils,initSipAudioCodec,Muitos Parametros,"[A, V, X]",,,,
org.red5.app.sip.codecs.asao.CodecImpl,encode,Metodo Longo,"[A, V]",,,,
org.zoolu.sip.call.Call,call,Muitos Parametros,"[A, X]",,,,
jnlp.sample.servlet.Logger,logL10N,Muitos Parametros,"[A, V, X]",,,,
org.red5.app.sip.codecs.asao.Codec,process,Muitos Desvios,"[A, R, D, V, X]",,,,
org.bytedeco.javacpp.tools.Parser,variable,Muitos Desvios,"[A, R, D, V, X]",,,,
org.bytedeco.javacpp.tools.Parser,commentDoc,Metodo Longo,"[A, V, X]",,,,
org.bytedeco.javacpp.tools.Generator,cppCastTypeName,Metodo Longo,[V],,,,
org.zoolu.sip.provider.SipStack,parseLine,Metodo Longo,"[A, V, X]",,,,
org.bigbluebutton.red5.client.messaging.ConnectionInvokerService,sendDirectMessage,Metodo Longo,[V],,,,
org.red5.app.sip.codecs.ilbc.ilbc_common,getCBvec,Metodo Longo,"[A, V, X]",,,,
org.red5.app.sip.codecs.ilbc.ilbc_common,interpolate,Muitos Parametros,"[A, R, D, V, X]",,,,
org.zoolu.sip.call.ExtendedCall,onDlgAltResponse,Muitos Parametros,"[A, R, V, X]",,,,
org.bytedeco.javacpp.tools.Parser,variable,Metodo Longo,"[A, R, D, V, X]",,,,
org.bigbluebutton.freeswitch.voice.freeswitch.ESLEventListener,conferenceEventMute,Muitos Parametros,"[A, X]",,,,
org.bytedeco.javacpp.tools.Parser,type,Alto Acoplamento Efferent,"[A, V, X]",,,,
jnlp.sample.jardiff.JarDiffPatcher,applyPatch,Alto Acoplamento Efferent,"[A, R, V, X]",,,,
org.bytedeco.javacpp.indexer.ShortRawIndexer,put,Muitos Parametros,"[A, V, X]",,,,
org.bigbluebutton.webminer.web.controller.SearchController,onSubmit,Muitos Desvios,"[A, V, X]",,,,
local.server.Proxy,updateProxingRequest,Metodo Longo,"[A, V]",,,,
org.bytedeco.javacpp.tools.Generator,cppTypeName,Metodo Longo,"[A, V]",,,,
org.zoolu.sip.dialog.InviteDialog,invite,Muitos Parametros,"[A, X]",,,,
org.bigbluebutton.voiceconf.sip.SipPeerProfile,init,Muitos Desvios,"[A, V, X]",,,,
jnlp.sample.servlet.JarDiffHandler,generateJarDiff,Muitos Desvios,"[A, V, X]",,,,
org.bytedeco.javacpp.indexer.LongRawIndexer,get,Muitos Parametros,"[A, V, X]",,,,
local.ua.UserAgent,onCallTransfer,Muitos Parametros,"[A, X]",,,,
name.fraser.neil.plaintext.diff_match_patch,diff_map,Muitos Desvios,"[A, R, D, V, X]",,,,
org.red5.app.sip.codecs.ilbc.ilbc_encoder,StateSearchW,Metodo Longo,[V],,,,
org.bigbluebutton.deskshare.client.net.NetworkHttpStreamSender,processNextMessageToSend,Alto Acoplamento Efferent,"[A, R, D, V, X]",,,,
org.zoolu.sip.dialog.ExtendedInviteDialog,onReceivedMessage,Alto Acoplamento Efferent,[D],,,,
org.bigbluebutton.screenshare.client.javacv.FfmpegScreenshare,setupWindowsRecorder,Muitos Parametros,"[A, V, X]",,,,
org.red5.app.sip.codecs.g729.Bits,int2bin,Muitos Parametros,"[A, X]",,,,
org.bytedeco.javacpp.indexer.IntBufferIndexer,put,Muitos Parametros,"[A, V, X]",,,,
org.bytedeco.javacpp.tools.Generator,parametersBefore,Metodo Longo,"[A, R, V, X]",,,,
local.ua.CommandLineMA,onUaRegistrationSuccess,Muitos Parametros,"[A, X]",,,,
org.bytedeco.javacpp.tools.DeclarationList,add,Metodo Longo,"[A, V, X]",,,,
org.bytedeco.javacpp.tools.Generator,returnBefore,Muitos Desvios,"[A, R, V, X]",,,,
org.red5.server.webapp.sip.VoiceConferenceApplication,open,Muitos Parametros,"[A, R, D, V, X]",,,,
local.ua.CommandLineMA,onMaDeliveryFailure,Muitos Parametros,"[A, X]",,,,
name.fraser.neil.plaintext.diff_match_patch,diff_cleanupSemanticLossless,Metodo Longo,"[A, V]",,,,
org.red5.app.sip.codecs.asao.CodecImpl,wc,Metodo Longo,"[A, R, D, V, X]",,,,
local.ua.MiniJukebox,main,Metodo Longo,"[A, V, X]",,,,
org.red5.app.sip.registration.SipRegisterAgent,onTransFailureResponse,Muitos Desvios,"[A, V, X]",,,,
org.bigbluebutton.api.RecordingService,publishRecording,Muitos Parametros,"[A, X]",,,,
org.bytedeco.javacpp.tools.Generator,callback,Alto Acoplamento Efferent,"[A, R, V, X]",,,,
org.red5.app.sip.trancoders.SpeexToSpeexTranscoder,transcode,Muitos Parametros,"[A, R, V, X]",,,,
org.bytedeco.javacpp.tools.Parser,parse,Muitos Desvios,"[A, V, X]",,,,
org.bytedeco.javacpp.tools.Generator,parametersBefore,Alto Acoplamento Efferent,[A],,,,
org.red5.app.sip.codecs.asao.CodecImpl,HarXfm,Metodo Longo,"[A, V]",,,,
name.fraser.neil.plaintext.diff_match_patch,diff_cleanupMerge,Metodo Longo,"[A, R, D, V, X]",,,,
org.bytedeco.javacpp.indexer.FloatRawIndexer,get,Muitos Parametros,"[A, V, X]",,,,
org.red5.app.sip.codecs.ilbc.ilbc_encoder,autocorr,Muitos Parametros,"[A, X]",,,,
name.fraser.neil.plaintext.diff_match_patch,diff_cleanupEfficiency,Muitos Desvios,"[A, R, D, V, X]",,,,
org.bigbluebutton.voiceconf.red5.Service,call,Muitos Parametros,"[A, X]",,,,
org.bigbluebutton.voiceconf.sip.SipPeerManager,connectToGlobalStream,Muitos Parametros,"[A, X]",,,,
name.fraser.neil.plaintext.diff_match_patch,match_bitap,Muitos Desvios,"[A, V, X]",,,,
org.bigbluebutton.webminer.web.controller.SearchController,onSubmit,Muitos Parametros,"[A, X]",,,,
org.bytedeco.javacpp.tools.Generator,returnAfter,Muitos Desvios,"[A, R, V, X]",,,,
org.bytedeco.javacpp.indexer.ShortIndexer,create,Muitos Parametros,"[A, X]",,,,
name.fraser.neil.plaintext.diff_match_patch,patch_apply,Metodo Longo,"[A, V, X]",,,,
org.bytedeco.javacv.FFmpegFrameGrabber,releaseUnsafe,Metodo Longo,[V],,,,
org.red5.app.sip.codecs.ilbc.ilbc_decoder,mycorr1,Muitos Parametros,"[A, R, D, V, X]",,,,
org.bigbluebutton.core.util.jhotdraw.BezierPath,getRelativePositionOnPath,Metodo Longo,[V],,,,
org.bigbluebutton.red5.pubsub.MessagePublisher,validateConnAuthToken,Muitos Parametros,"[A, X]",,,,
local.media.RtpStreamReceiver,run,Muitos Desvios,[V],,,,
jargs.gnu.CmdLineParser,parse,Muitos Desvios,"[A, V, X]",,,,
org.bytedeco.javacpp.indexer.CharIndexer,get,Muitos Parametros,"[A, V, X]",,,,
org.bytedeco.javacv.FFmpegFrameGrabber,startUnsafe,Muitos Desvios,"[A, R, V, X]",,,,
org.zoolu.sip.transaction.InviteTransactionServer,onReceivedMessage,Muitos Desvios,[V],,,,
org.bigbluebutton.core.util.jhotdraw.Geom,direction,Muitos Parametros,"[A, X]",,,,
local.server.StatefulProxy,processRequestToRemoteUA,Muitos Desvios,"[A, V, X]",,,,
org.bigbluebutton.api.ParamsProcessorUtil,processUpdateCreateParams,Metodo Longo,[V],,,,
org.red5.app.sip.codecs.ilbc.ilbc_decoder,iLBC_decode,Muitos Desvios,"[A, R, D, V, X]",,,,
name.fraser.neil.plaintext.diff_match_patch,diff_map,Alto Acoplamento Efferent,"[A, V, X]",,,,
org.zoolu.sip.provider.SipProvider,printMessageLog,Muitos Parametros,"[A, R, D, V, X]",,,,
org.freeswitch.esl.client.inbound.Client,eventReceived,Metodo Longo,"[A, V, X]",,,,
org.bigbluebutton.app.screenshare.red5.Red5AppHandler,requestShareToken,Muitos Parametros,"[A, X]",,,,
org.imsglobal.json.IMSJSONRequest,loadFromRequest,Muitos Desvios,"[A, V, X]",,,,
org.bytedeco.javacpp.indexer.LongArrayIndexer,get,Muitos Parametros,"[A, V, X]",,,,
local.ua.CommandLineUA,main,Alto Acoplamento Efferent,"[A, V, X]",,,,
org.red5.app.sip.codecs.ilbc.ilbc_decoder,refiner,Muitos Parametros,"[A, R, D, V, X]",,,,
org.zoolu.sip.dialog.InviteDialog,respond,Muitos Desvios,"[A, V, X]",,,,
org.bytedeco.javacpp.tools.Parser,commentBefore,Muitos Desvios,"[A, R, D, V, X]",,,,
org.zoolu.sip.provider.SipProvider,parseLine,Metodo Longo,"[A, V, X]",,,,
org.bytedeco.javacpp.Loader,loadLibrary,Muitos Desvios,"[A, R, D, V, X]",,,,
org.freeswitch.esl.client.example.EslEventListener,conferenceEventMute,Muitos Parametros,"[A, X]",,,,
org.red5.app.sip.codecs.ilbc.ilbc_common,getCBvec,Muitos Parametros,"[A, R, D, V, X]",,,,
org.red5.app.sip.codecs.g729.CelpCo,d4i40_17,Muitos Desvios,"[A, R, D, V, X]",,,,
org.bytedeco.javacv.Parallel,loop,Muitos Parametros,"[A, X]",,,,
org.bigbluebutton.app.video.VideoApplication,roomConnect,Muitos Desvios,[V],,,,
jnlp.sample.jardiff.JarDiffPatcher,determineNameMapping,Muitos Desvios,[V],,,,
org.bytedeco.javacpp.indexer.UByteRawIndexer,get,Muitos Parametros,"[A, V, X]",,,,
org.bytedeco.javacpp.tools.Generator,jniTypeName,Muitos Desvios,"[A, V, X]",,,,
org.bigbluebutton.core.util.jhotdraw.BezierPath,toRawPath,Metodo Longo,"[A, V, X]",,,,
org.red5.app.sip.codecs.ilbc.ilbc_encoder,iLBC_encode,Metodo Longo,"[A, R, D, V, X]",,,,
org.bigbluebutton.core.pubsub.receivers.MeetingMessageReceiver,handleMessage,Alto Acoplamento Efferent,"[A, R, D, V, X]",,,,
org.bigbluebutton.core.util.jhotdraw.Bezier,addCurveTo,Muitos Parametros,"[A, X]",,,,
org.bytedeco.javacpp.indexer.ByteBufferIndexer,put,Muitos Parametros,"[A, V, X]",,,,
local.media.AudioReceiver,main,Muitos Desvios,"[A, V, X]",,,,
org.bigbluebutton.api.RecordingService,deleteRecording,Muitos Parametros,"[A, X]",,,,
org.zoolu.sip.dialog.InviteDialog,onReceivedMessage,Metodo Longo,"[D, V]",,,,
local.ua.CommandLineUA,main,Metodo Longo,"[A, R, D, V, X]",,,,
org.red5.app.sip.codecs.asao.CodecImpl,wc,Muitos Parametros,"[A, X]",,,,
org.red5.app.sip.codecs.g729.LspGetq,lsp_prev_compose,Muitos Parametros,"[A, V, X]",,,,
org.bigbluebutton.webminer.web.controller.SearchController,onSubmit,Alto Acoplamento Efferent,"[A, R, V, X]",,,,
org.bytedeco.javacpp.Loader,load,Alto Acoplamento Efferent,"[A, V, X]",,,,
org.bigbluebutton.deskshare.client.net.SocketScreenVideoSender,connect,Metodo Longo,[D],,,,
org.bigbluebutton.screenshare.client.net.NetworkStreamSender,startSharing,Muitos Parametros,"[A, X]",,,,
org.red5.app.sip.SdpUtils,createInitialSdp,Metodo Longo,"[A, R, D, V, X]",,,,
org.zoolu.sip.message.MessageFactory,createReferRequest,Muitos Parametros,"[A, V, X]",,,,
org.red5.app.sip.stream.RtpStreamSender,queueSipDtmfDigits,Metodo Longo,[V],,,,
org.red5.app.sip.codecs.g729.DecLD8K,decod_ld8k,Muitos Desvios,"[A, V, X]",,,,
org.red5.app.sip.codecs.g729.Bits,bits2prm_ld8k,Muitos Parametros,"[A, X]",,,,
org.bigbluebutton.api.util.ResponseBuilder,buildGetMeetingsResponse,Alto Acoplamento Efferent,[A],,,,
org.bytedeco.javacpp.tools.Builder,includeJavaPaths,Metodo Longo,"[A, V, X]",,,,
org.bytedeco.javacpp.Loader,findLibrary,Alto Acoplamento Efferent,"[A, V, X]",,,,
org.imsglobal.basiclti.XMLMap,selectSubMap,Muitos Desvios,[V],,,,
org.red5.app.sip.codecs.ilbc.ilbc_common,getCBvec,Muitos Desvios,"[A, V, X]",,,,
local.media.AudioSender,main,Muitos Desvios,"[A, R, D, V, X]",,,,
com.myjavatools.web.ClientHttpRequest,post,Muitos Parametros,"[A, R, D, V, X]",,,,
org.imsglobal.basiclti.XMLMap,selectSubMap,Muitos Parametros,"[A, V, X]",,,,
net.oauth.client.URLConnectionClient,execute,Alto Acoplamento Efferent,"[A, R, D, V, X]",,,,
org.bytedeco.javacpp.tools.Parser,parse,Alto Acoplamento Efferent,"[A, V, X]",,,,
net.oauth.server.OAuthServlet,handleException,Muitos Parametros,"[A, X]",,,,
org.bytedeco.javacpp.tools.Parser,macro,Alto Acoplamento Efferent,"[A, V, X]",,,,
org.bytedeco.javacpp.tools.Builder,build,Muitos Desvios,"[A, R, D, V, X]",,,,
org.bytedeco.javacpp.indexer.DoubleIndexer,get,Muitos Parametros,"[A, V, X]",,,,
org.bytedeco.javacpp.indexer.ShortBufferIndexer,get,Muitos Parametros,"[A, V, X]",,,,
org.red5.app.sip.codecs.asao.CodecImpl,getD,Muitos Parametros,"[A, V, X]",,,,
org.bigbluebutton.freeswitch.voice.freeswitch.response.XMLResponseConferenceListParser,startElement,Muitos Parametros,"[A, X]",,,,
org.bigbluebutton.core.util.jhotdraw.BezierPathIterator,currentSegment,Metodo Longo,"[A, R, V, X]",,,,
org.zoolu.sip.call.ExtendedCall,onDlgNotify,Muitos Parametros,"[A, X]",,,,
org.red5.app.sip.SipUser,login,Muitos Parametros,"[A, R, D, V, X]",,,,
org.zoolu.sdp.SdpParser,parseSdpField,Muitos Desvios,[D],,,,
org.red5.app.sip.codecs.g729.QuaGain,qua_gain,Metodo Longo,[V],,,,
org.red5.app.sip.codecs.ilbc.ilbc_encoder,levdurb,Muitos Parametros,"[A, X]",,,,
org.red5.app.sip.SipUserAgentProfile,init,Muitos Desvios,"[A, V, X]",,,,
org.bigbluebutton.core.util.jhotdraw.BezierPath,intersects,Muitos Parametros,"[A, X]",,,,
name.fraser.neil.plaintext.diff_match_patch,patch_fromText,Muitos Desvios,"[A, V, X]",,,,
org.bigbluebutton.core.util.jhotdraw.BezierPath,toGeneralPath,Metodo Longo,"[A, V]",,,,
org.bigbluebutton.deskshare.common.ScreenVideoEncoder,getPixels,Muitos Parametros,"[A, R, D, V, X]",,,,
org.red5.app.sip.codecs.ilbc.ilbc_decoder,doThePLC,Muitos Parametros,"[A, R, D, V, X]",,,,
local.ua.PresenceAgent,notify,Muitos Parametros,"[A, X]",,,,
local.net.RtpPacket,setLong,Muitos Parametros,"[A, X]",,,,
org.bigbluebutton.webminer.web.controller.CourseIndexingController,processFormSubmission,Muitos Parametros,"[A, X]",,,,
org.bigbluebutton.core.pubsub.receivers.MeetingMessageReceiver,handleMessage,Muitos Desvios,"[A, D, V, X]",,,,
org.bigbluebutton.voiceconf.sip.CallAgent,createVoiceStreams,Alto Acoplamento Efferent,"[A, D, V, X]",,,,
org.red5.app.sip.SipUserAgent,onCallRedirection,Muitos Parametros,"[A, X]",,,,
org.zoolu.sip.message.BaseMessageFactory,createInviteRequest,Muitos Parametros,"[A, R, D, V, X]",,,,
org.zoolu.sip.transaction.TransactionClient,onTimeout,Muitos Desvios,[V],,,,
org.red5.app.sip.codecs.g729.LpcFunc,lsp_az,Muitos Parametros,"[A, X]",,,,
org.imsglobal.basiclti.BasicLTIUtil,postLaunchHTML,Metodo Longo,[V],,,,
org.bigbluebutton.freeswitch.voice.freeswitch.response.XMLResponseConferenceListParser,endElement,Metodo Longo,[V],,,,
org.bytedeco.javacpp.tools.Generator,methods,Alto Acoplamento Efferent,"[A, R, V, X]",,,,
org.bigbluebutton.screenshare.client.net.BlockStreamProtocolEncoder,encodeMouseLocation,Muitos Parametros,"[A, X]",,,,
org.red5.app.sip.codecs.ilbc.ilbc_decoder,Decode,Muitos Parametros,"[A, R, D, V, X]",,,,
org.bytedeco.javacpp.indexer.UShortIndexer,get,Muitos Parametros,"[A, V, X]",,,,
net.oauth.signature.Base64,decode,Muitos Desvios,"[A, V, X]",,,,
org.red5.app.sip.codecs.ilbc.ilbc_encoder,searchAugmentedCB,Metodo Longo,"[A, V]",,,,
org.red5.app.sip.codecs.g729.Lpc,az_lsp,Metodo Longo,[V],,,,
org.bytedeco.javacpp.indexer.IntRawIndexer,put,Muitos Parametros,"[A, V, X]",,,,
org.red5.app.sip.codecs.ilbc.ilbc_encoder,anaFilter,Muitos Parametros,"[A, R, D, V, X]",,,,
org.red5.app.sip.codecs.g729.LspDec,lsp_iqua_cs,Muitos Parametros,"[A, X]",,,,
org.bytedeco.javacpp.indexer.CharIndexer,put,Muitos Parametros,"[A, V, X]",,,,
org.bigbluebutton.voiceconf.sip.SdpUtils,createInitialSdp,Metodo Longo,"[A, R, D, V, X]",,,,
org.bytedeco.javacpp.indexer.UByteRawIndexer,put,Muitos Parametros,"[A, V, X]",,,,
org.bigbluebutton.core.util.jhotdraw.Bezier,reparameterize,Muitos Parametros,"[A, V, X]",,,,
org.bytedeco.javacpp.tools.Parser,commentDoc,Muitos Desvios,"[A, R, D, V, X]",,,,
org.bigbluebutton.webminer.web.controller.CourseIndexingController,onSubmit,Muitos Parametros,"[A, X]",,,,
org.bigbluebutton.presentation.imp.Pdf2SwfPageConverter,convert,Alto Acoplamento Efferent,"[A, R, D, V, X]",,,,
local.ua.CommandLineMA,main,Muitos Desvios,"[A, D, V, X]",,,,
org.bigbluebutton.freeswitch.voice.freeswitch.ESLEventListener,conferenceEventRecord,Muitos Parametros,"[A, X]",,,,
org.bigbluebutton.red5.pubsub.MessagePublisher,startRotateRightTranscoderRequest,Muitos Parametros,"[A, X]",,,,
local.ua.Jukebox,onUaRegistrationFailure,Muitos Parametros,"[A, X]",,,,
org.bytedeco.javacv.Frame,cloneBufferArray,Muitos Desvios,"[A, V, X]",,,,
org.bytedeco.javacpp.tools.Generator,parametersAfter,Metodo Longo,"[A, V, X]",,,,
org.bigbluebutton.deskshare.client.ScreenCapture,getScaledInstance,Muitos Parametros,"[A, V, X]",,,,
org.bytedeco.javacpp.tools.Parser,macro,Metodo Longo,"[A, R, D, V, X]",,,,
org.red5.app.sip.codecs.ilbc.ilbc_common,lsf2a,Muitos Desvios,"[A, V, X]",,,,
org.bigbluebutton.voiceconf.sip.SipRegisterAgent,onTransSuccessResponse,Muitos Desvios,"[A, V, X]",,,,
net.oauth.OAuthProblemException,getMessage,Muitos Desvios,[D],,,,
jargs.gnu.CmdLineParser,parse,Metodo Longo,[V],,,,
local.media.RtpStreamTranslator,run,Muitos Desvios,"[A, D, V, X]",,,,
local.media.AudioSender,main,Alto Acoplamento Efferent,"[A, R, D, V, X]",,,,
local.server.ServerProfile,parseLine,Muitos Desvios,"[A, R, V, X]",,,,
org.bytedeco.javacpp.tools.Parser,template,Muitos Desvios,"[A, V, X]",,,,
local.ua.CommandLineUA,onUaRegistrationSuccess,Muitos Parametros,"[A, X]",,,,
org.bytedeco.javacpp.tools.Generator,methodInformation,Alto Acoplamento Efferent,[A],,,,
org.bigbluebutton.core.util.jhotdraw.BezierPath,getBounds2D,Metodo Longo,"[A, R, V, X]",,,,
jnlp.sample.servlet.ResourceCatalog,lookupResource,Metodo Longo,[V],,,,
org.red5.app.sip.codecs.ilbc.ilbc_decoder,iLBC_decode,Metodo Longo,"[A, R, D, V, X]",,,,
org.zoolu.tools.SimpleDigest,digest,Muitos Parametros,"[A, X]",,,,
org.bytedeco.javacpp.indexer.ByteBufferIndexer,get,Muitos Parametros,"[A, V, X]",,,,
org.bytedeco.javacpp.Loader,extractResource,Metodo Longo,[V],,,,
org.bigbluebutton.api.RecordingService,unpublishRecording,Muitos Parametros,"[A, X]",,,,
org.bytedeco.javacpp.indexer.UShortArrayIndexer,get,Muitos Parametros,"[A, V, X]",,,,
org.freeswitch.esl.client.transport.message.EslFrameDecoder,decode,Metodo Longo,[V],,,,
name.fraser.neil.plaintext.diff_match_patch,diff_cleanupMerge,Muitos Desvios,"[A, R, D, V, X]",,,,
local.media.AudioReceiver,main,Metodo Longo,"[A, V, X]",,,,
org.bytedeco.javacv.FrameGrabber,grab,Muitos Desvios,"[A, V, X]",,,,
org.bigbluebutton.core.pubsub.receivers.MeetingMessageReceiver,handleMessage,Metodo Longo,"[A, D, V]",,,,
org.bigbluebutton.core.util.jhotdraw.Bezier,fitCubic,Metodo Longo,[V],,,,
org.bytedeco.javacpp.tools.Generator,cppFunctionTypeName,Metodo Longo,[V],,,,
org.red5.app.sip.codecs.ilbc.ilbc_decoder,Decode,Metodo Longo,"[A, V]",,,,
org.imsglobal.pox.IMSPOXRequest,loadFromRequest,Muitos Desvios,"[A, V, X]",,,,
org.freeswitch.esl.client.inbound.ClientTest,conferenceEventAction,Muitos Parametros,"[A, D, V, X]",,,,
org.bytedeco.javacv.FrameGrabber,grab,Metodo Longo,"[A, V]",,,,
local.server.Proxy,processRequestToRemoteUA,Muitos Desvios,[V],,,,
org.red5.app.sip.trancoders.NellyToPcmTranscoder,fillRtpPacketBuffer,Metodo Longo,[V],,,,
org.red5.app.sip.codecs.asao.Codec,processIt,Muitos Parametros,"[A, X]",,,,
org.bigbluebutton.freeswitch.voice.freeswitch.ESLEventListener,conferenceEventTransfer,Muitos Parametros,"[A, X]",,,,
org.freeswitch.esl.client.example.EslEventListener,conferenceEventRecord,Muitos Parametros,"[A, X]",,,,
org.bytedeco.javacpp.tools.Tokenizer,nextToken,Muitos Desvios,"[A, R, V, X]",,,,
jnlp.sample.jardiff.JarDiff,differs,Metodo Longo,[V],,,,
org.bigbluebutton.webminer.web.model.SessionHitsOrganizer,generateResultGroup,Muitos Desvios,"[A, V, X]",,,,
org.bytedeco.javacpp.indexer.UByteBufferIndexer,put,Muitos Parametros,"[A, V, X]",,,,
org.bytedeco.javacv.Frame,createIndexer,Muitos Desvios,"[A, R, V, X]",,,,
org.bytedeco.javacpp.indexer.DoubleRawIndexer,get,Muitos Parametros,"[A, V, X]",,,,
org.bigbluebutton.api.Proxy,getJoinURL,Muitos Parametros,"[A, R, D, V, X]",,,,
org.bigbluebutton.deskshare.client.frame.WindowlessFrame,mousePressed,Muitos Desvios,[D],,,,
org.bytedeco.javacpp.tools.DeclarationList,add,Muitos Desvios,"[A, R, D, V, X]",,,,
local.ua.PresenceAgent,onDlgNotificationSuccess,Muitos Parametros,"[A, X]",,,,
org.zoolu.sip.provider.SipInterface,sendMessage,Muitos Parametros,"[A, D, V, X]",,,,
org.bigbluebutton.deskshare.client.frame.WindowlessFrame,mouseDragged,Metodo Longo,"[A, D, V, X]",,,,
name.fraser.neil.plaintext.diff_match_patch,patch_fromText,Metodo Longo,"[A, V, X]",,,,
org.red5.app.sip.codecs.asao.CodecImpl,findClosestOrdered,Muitos Parametros,"[A, X]",,,,
org.bytedeco.javacv.FrameRecorder,create,Muitos Parametros,"[A, V, X]",,,,
org.bytedeco.javacpp.tools.Parser,declarator,Alto Acoplamento Efferent,"[A, R, D, V, X]",,,,
org.red5.app.sip.codecs.ilbc.ilbc_encoder,searchAugmentedCB,Muitos Parametros,"[A, R, D, V, X]",,,,
org.bigbluebutton.core.util.jhotdraw.BezierPath,curveTo,Muitos Parametros,"[A, R, V, X]",,,,
org.zoolu.sip.message.MessageFactory,createSubscribeRequest,Muitos Parametros,"[A, R, V, X]",,,,
org.red5.app.sip.codecs.asao.Codec,processIt,Muitos Desvios,[V],,,,
org.freeswitch.esl.client.example.EslEventListener,conferenceEventUnMute,Muitos Parametros,"[A, X]",,,,
org.bytedeco.javacpp.tools.Generator,methodInformation,Metodo Longo,"[A, R, V, X]",,,,
org.bytedeco.javacpp.indexer.ByteArrayIndexer,put,Muitos Parametros,"[A, V, X]",,,,
org.bigbluebutton.lti.Role,isModerator,Muitos Desvios,"[A, V, X]",,,,
org.red5.app.sip.codecs.ilbc.ilbc_encoder,a2lsf,Metodo Longo,"[A, V, X]",,,,
org.bigbluebutton.voiceconf.sip.SipRegisterAgent,onTransFailureResponse,Muitos Desvios,"[A, V, X]",,,,
org.red5.app.sip.codecs.ilbc.ilbc_encoder,iCBSearch,Metodo Longo,"[A, R, D, V, X]",,,,
local.server.ServerProfile,parseLine,Metodo Longo,"[A, R, V, X]",,,,
jnlp.sample.servlet.JnlpFileHandler,getJnlpFileEx,Metodo Longo,"[A, V, X]",,,,
jnlp.sample.jardiff.JarDiff,main,Muitos Desvios,"[A, V, X]",,,,
org.bytedeco.javacpp.tools.Generator,parametersBefore,Muitos Desvios,"[A, R, V, X]",,,,
org.zoolu.sip.dialog.Dialog,update,Metodo Longo,"[A, D, V, X]",,,,
org.bigbluebutton.freeswitch.voice.freeswitch.ESLEventListener,conferenceEventThreadRun,Muitos Parametros,"[A, X]",,,,
org.bytedeco.javacpp.tools.Generator,adapterInformation,Metodo Longo,[V],,,,
org.bytedeco.javacpp.tools.Generator,cppFunctionTypeName,Muitos Desvios,"[A, V, X]",,,,
org.red5.app.sip.codecs.g729.CodLD8K,coder_ld8k,Alto Acoplamento Efferent,"[A, R, D, V, X]",,,,
org.imsglobal.json.IMSJSONRequest,loadFromRequest,Metodo Longo,"[A, V]",,,,
net.oauth.http.HttpMessage,newRequest,Metodo Longo,[V],,,,
org.red5.server.webapp.sip.SipPhoneApplication,login,Muitos Parametros,"[A, R, D, V, X]",,,,
org.red5.app.sip.codecs.ilbc.ilbc_decoder,enh_upsample,Muitos Desvios,"[A, V, X]",,,,
org.bytedeco.javacpp.tools.Generator,classes,Alto Acoplamento Efferent,"[A, R, V, X]",,,,
org.bytedeco.javacpp.indexer.FloatIndexer,put,Muitos Parametros,"[A, V, X]",,,,
org.red5.app.sip.codecs.g729.QuaGain,qua_gain,Muitos Desvios,[V],,,,
net.oauth.OAuthAccessor,newRequestMessage,Muitos Parametros,"[A, X]",,,,
name.fraser.neil.plaintext.diff_match_patch,match_bitapScore,Muitos Parametros,"[A, X]",,,,
local.server.UserBindingInfo,load,Metodo Longo,[V],,,,
org.bigbluebutton.webminer.swf.SwfParser,parse,Alto Acoplamento Efferent,"[A, V, X]",,,,
org.red5.app.sip.codecs.ilbc.ilbc_encoder,FrameClassify,Metodo Longo,[V],,,,
name.fraser.neil.plaintext.diff_match_patch,patch_splitMax,Muitos Desvios,"[A, V, X]",,,,
org.zoolu.sip.dialog.InviteDialog,respond,Muitos Parametros,"[A, X]",,,,
org.bytedeco.javacpp.tools.Generator,classes,Muitos Desvios,"[A, R, V, X]",,,,
org.bigbluebutton.deskshare.client.ScreenSharerRunner,calculateScaledCapturedWidthAndHeight,Metodo Longo,[V],,,,
local.ua.Jukebox,main,Muitos Desvios,"[A, D, V, X]",,,,
org.red5.app.sip.codecs.g729.Filter,residu,Muitos Parametros,"[A, R, D, V, X]",,,,
org.zoolu.sip.call.CallListenerAdapter,onCallRedirection,Muitos Parametros,"[A, X]",,,,
org.bytedeco.javacpp.tools.Generator,returnBefore,Metodo Longo,"[A, V, X]",,,,
org.bytedeco.javacpp.tools.Parser,typedef,Muitos Desvios,"[A, R, D, V, X]",,,,
org.red5.app.sip.codecs.g729.CelpCo,d4i40_17,Metodo Longo,"[A, R, D, V, X]",,,,
org.bytedeco.javacpp.tools.Parser,parameters,Metodo Longo,"[A, R, D, V, X]",,,,
org.red5.app.sip.codecs.ilbc.ilbc_encoder,searchAugmentedCB,Muitos Desvios,[V],,,,
jnlp.sample.jardiff.JarDiff,createPatch,Muitos Parametros,"[A, X]",,,,
org.bigbluebutton.core.util.jhotdraw.Geom,length2,Muitos Parametros,"[A, X]",,,,
org.bigbluebutton.deskshare.client.net.NetworkHttpStreamSender,processNextMessageToSend,Metodo Longo,"[D, V]",,,,
org.bytedeco.javacpp.tools.Generator,mangle,Muitos Desvios,"[A, V, X]",,,,
org.bytedeco.javacpp.indexer.ShortRawIndexer,get,Muitos Parametros,"[A, V, X]",,,,
org.bytedeco.javacv.FFmpegFrameGrabber,releaseUnsafe,Muitos Desvios,"[A, V, X]",,,,
org.red5.app.sip.codecs.ilbc.ilbc_encoder,createAugmentedVec,Muitos Parametros,"[A, X]",,,,
org.bigbluebutton.screenshare.client.javacv.FfmpegScreenshare,setupLinuxGrabber,Muitos Parametros,"[A, X]",,,,
org.red5.app.sip.codecs.ilbc.ilbc_encoder,sort_sq,Muitos Parametros,"[A, V, X]",,,,
org.bigbluebutton.deskshare.client.ScreenSharerRunner,calculateScaledCapturedWidthAndHeight,Muitos Desvios,[V],,,,
org.bytedeco.javacpp.Loader,findLibrary,Muitos Desvios,"[A, V, X]",,,,
org.bigbluebutton.core.util.jhotdraw.BezierPathIterator,currentSegment,Muitos Desvios,"[A, V, X]",,,,
jnlp.sample.jardiff.JarDiff,createPatch,Alto Acoplamento Efferent,[A],,,,
org.bigbluebutton.transcode.core.ffmpeg.FFmpegCommand,buildFFmpegCommand,Metodo Longo,[V],,,,
org.bigbluebutton.api.ParamsProcessorUtil,substituteKeywords,Muitos Parametros,"[A, X]",,,,
org.red5.app.sip.codecs.asao.CodecImpl,findClosest,Muitos Parametros,"[A, X]",,,,
org.bytedeco.javacv.FFmpegFrameGrabber,grabFrame,Muitos Parametros,"[A, X]",,,,
org.bigbluebutton.voiceconf.red5.ClientConnectionManager,joinConferenceSuccess,Muitos Parametros,"[A, X]",,,,
jnlp.sample.servlet.ResourceCatalog,findMatch,Muitos Parametros,"[A, X]",,,,
org.red5.app.sip.codecs.ILBCCodec,codecNegotiateAttribute,Muitos Desvios,[D],,,,
org.bytedeco.javacpp.indexer.UShortIndexer,put,Muitos Parametros,"[A, V, X]",,,,
org.bigbluebutton.core.util.jhotdraw.Geom,intersect,Muitos Desvios,"[A, V, X]",,,,
org.bytedeco.javacpp.tools.Generator,cppScopeName,Muitos Desvios,"[A, V, X]",,,,
org.zoolu.sip.call.Call,onDlgReInviteFailureResponse,Muitos Parametros,"[A, X]",,,,
local.ua.RegisterAgent,init,Muitos Parametros,"[A, X]",,,,
org.imsglobal.pox.IMSPOXRequest,getResponse,Muitos Desvios,"[A, R, D, V, X]",,,,
org.bigbluebutton.deskshare.client.net.NetworkHttpStreamSender,processNextMessageToSend_OLD,Alto Acoplamento Efferent,[A],,,,
org.red5.app.sip.codecs.asao.Decoder,decode,Muitos Parametros,"[A, R, D, V, X]",,,,
org.bytedeco.javacpp.tools.Parser,typedef,Metodo Longo,"[A, V, X]",,,,
local.server.CallLoggerImpl,eventlog,Muitos Parametros,"[A, D, V, X]",,,,
org.bigbluebutton.core.util.jhotdraw.BezierPath,toRawPath,Muitos Desvios,"[A, V, X]",,,,
org.freeswitch.esl.client.example.EslEventListener,conferenceEventTransfer,Muitos Parametros,"[A, X]",,,,
org.bytedeco.javacpp.tools.Builder,accept,Muitos Desvios,"[A, V, X]",,,,
org.bytedeco.javacpp.indexer.IntIndexer,get,Muitos Parametros,"[A, V, X]",,,,
org.red5.app.sip.codecs.g729.CelpCo,ACELP_codebook,Muitos Parametros,"[A, R, D, V, X]",,,,
org.bytedeco.javacpp.Pointer,deallocator,Muitos Desvios,[V],,,,
org.imsglobal.basiclti.Base64,encode,Muitos Desvios,[V],,,,
org.red5.app.sip.codecs.ilbc.ilbc_encoder,LPCencode,Muitos Parametros,"[A, X]",,,,
org.bigbluebutton.api.ParamsProcessorUtil,processCreateParams,Alto Acoplamento Efferent,"[A, R, D, V, X]",,,,
org.bytedeco.javacpp.tools.Parser,parameters,Muitos Desvios,"[A, R, D, V, X]",,,,
org.bytedeco.javacv.FFmpegFrameRecorder,startUnsafe,Metodo Longo,"[A, R, V, X]",,,,
org.bytedeco.javacpp.indexer.UByteIndexer,put,Muitos Parametros,"[A, V, X]",,,,
org.imsglobal.basiclti.XMLMap,getOrAddChildNode,Muitos Desvios,"[A, V, X]",,,,
org.red5.app.sip.codecs.g729.QuaLsp,lsp_select_1,Muitos Parametros,"[A, V, X]",,,,
org.bytedeco.javacpp.tools.TokenIndexer,expand,Metodo Longo,"[A, R, D, V, X]",,,,
jnlp.sample.jardiff.JarDiff,createPatch,Metodo Longo,"[A, R, V, X]",,,,
org.red5.server.webapp.sip.VoiceConferenceApplication,login,Muitos Parametros,"[A, R, D, V, X]",,,,
org.red5.app.sip.codecs.ilbc.ilbc_common,StateConstructW,Muitos Parametros,"[A, R, D, V, X]",,,,
org.bigbluebutton.screenshare.client.ScreenSharerRunner,updateScreenShareInfo,Muitos Parametros,"[A, X]",,,,
local.server.Proxy,updateProxingRequest,Muitos Desvios,"[A, V, X]",,,,
org.bigbluebutton.app.video.VideoApplication,streamBroadcastStart,Metodo Longo,[V],,,,
org.bytedeco.javacpp.tools.Builder,build,Alto Acoplamento Efferent,"[A, R, D, V, X]",,,,
local.media.RtpStreamSender,run,Muitos Desvios,"[A, D, V, X]",,,,
local.ua.CommandLineUA,run,Metodo Longo,[V],,,,
org.red5.app.sip.codecs.g729.QuaGain,qua_gain,Muitos Parametros,"[A, R, D, V, X]",,,,
org.bigbluebutton.api.ParamsProcessorUtil,isPostChecksumSame,Metodo Longo,[V],,,,
org.red5.app.sip.codecs.ilbc.ilbc_decoder,LSFinterpolate2a_dec,Muitos Parametros,"[A, R, D, V, X]",,,,
org.red5.app.sip.codecs.g729.Pwf,perc_var,Muitos Desvios,"[A, V, X]",,,,
local.ua.GraphicalUA,main,Metodo Longo,"[A, R, V, X]",,,,
local.server.Registrar,updateRegistration,Muitos Desvios,"[A, V, X]",,,,
name.fraser.neil.plaintext.diff_match_patch,patch_fromText,Alto Acoplamento Efferent,"[A, R, D, V, X]",,,,
jnlp.sample.jardiff.JarDiffPatcher,applyPatch,Muitos Parametros,"[A, X]",,,,
local.ua.UserAgentProfile,parseLine,Metodo Longo,"[A, R, V, X]",,,,
org.freeswitch.esl.client.inbound.Client,run,Muitos Desvios,"[A, V, X]",,,,
org.bigbluebutton.presentation.imp.Office2PdfPageConverter,convert,Muitos Parametros,"[A, V, X]",,,,
org.bytedeco.javacpp.tools.Builder,build,Metodo Longo,"[A, V, X]",,,,
local.net.UdpRelay,init,Muitos Parametros,"[A, D, V, X]",,,,
org.bytedeco.javacpp.Pointer,init,Muitos Parametros,"[A, X]",,,,
org.zoolu.net.TcpServer,run,Muitos Desvios,[V],,,,
org.red5.app.sip.codecs.asao.CodecImpl,iTransfm,Muitos Parametros,"[A, V, X]",,,,
org.bytedeco.javacpp.indexer.CharRawIndexer,put,Muitos Parametros,"[A, V, X]",,,,
local.media.RtpStreamSender,init,Muitos Parametros,"[A, R, D, V, X]",,,,
org.bytedeco.javacpp.indexer.UShortBufferIndexer,get,Muitos Parametros,"[A, V, X]",,,,
jnlp.sample.servlet.Logger,addInformational,Muitos Parametros,"[A, X]",,,,
org.zoolu.sip.provider.SipProvider,init,Muitos Desvios,"[A, V, X]",,,,
jnlp.sample.servlet.DownloadResponse,getHeadRequestResponse,Muitos Parametros,"[A, X]",,,,
org.freeswitch.esl.client.transport.message.EslFrameDecoder,decode,Alto Acoplamento Efferent,"[A, V, X]",,,,
org.bigbluebutton.core.util.jhotdraw.BezierPath,add,Muitos Parametros,"[A, X]",,,,
org.bigbluebutton.core.util.jhotdraw.BezierPath,arcTo,Muitos Parametros,"[A, R, V, X]",,,,
org.bytedeco.javacpp.indexer.FloatRawIndexer,put,Muitos Parametros,"[A, V, X]",,,,
org.red5.app.sip.codecs.asao.CodecImpl,decode,Metodo Longo,"[A, V]",,,,
local.ua.CommandLineUA,onUaRegistrationFailure,Muitos Parametros,"[A, X]",,,,
org.red5.app.sip.codecs.g729.PostFil,calc_st_filt,Muitos Parametros,"[A, R, D, V, X]",,,,
org.imsglobal.basiclti.XMLMap,storeInDom,Muitos Desvios,[V],,,,
org.red5.app.sip.codecs.g729.QuaLsp,lsp_get_tdist,Muitos Parametros,"[A, V, X]",,,,
org.bytedeco.javacpp.tools.Generator,callback,Muitos Desvios,"[A, R, V, X]",,,,
org.bytedeco.javacpp.tools.Parser,commentAfter,Muitos Desvios,"[A, V, X]",,,,
org.bigbluebutton.presentation.imp.PdfToSwfSlidesGenerationService,call,Alto Acoplamento Efferent,"[A, R, D, V, X]",,,,
jnlp.sample.servlet.ResourceCatalog,parseVersionXML,Muitos Parametros,"[A, X]",,,,
org.zoolu.sip.call.ExtendedCall,onDlgRefer,Muitos Parametros,"[A, X]",,,,
org.zoolu.net.TcpServer,init,Muitos Parametros,"[A, X]",,,,
org.red5.app.sip.SdpUtils,createInitialSdp,Muitos Desvios,"[A, R, D, V, X]",,,,
org.bigbluebutton.red5.pubsub.MessagePublisher,startH264ToH263TranscoderRequest,Muitos Parametros,"[A, X]",,,,
jnlp.sample.servlet.JarDiffHandler,generateJarDiff,Metodo Longo,[V],,,,
local.ua.PresenceAgent,onDlgSubscribe,Muitos Parametros,"[A, R, D, V, X]",,,,
org.red5.app.sip.codecs.g729.Util,copy,Muitos Parametros,"[A, V, X]",,,,
org.bytedeco.javacv.FFmpegFrameRecorder,recordSamples,Alto Acoplamento Efferent,"[A, R, V, X]",,,,
local.ua.GraphicalUA,jbInit,Metodo Longo,"[A, V, X]",,,,
org.red5.app.sip.codecs.g729.CodLD8K,coder_ld8k,Muitos Desvios,"[A, V, X]",,,,
org.bytedeco.javacpp.tools.Parser,macro,Muitos Desvios,"[A, R, D, V, X]",,,,
org.bigbluebutton.core.util.jhotdraw.Bezier,fitBezierPath,Metodo Longo,[V],,,,
org.bytedeco.javacpp.indexer.FloatIndexer,create,Muitos Parametros,"[A, X]",,,,
org.bytedeco.javacpp.tools.TokenIndexer,expand,Alto Acoplamento Efferent,"[A, V, X]",,,,
name.fraser.neil.plaintext.diff_match_patch,patch_splitMax,Metodo Longo,"[A, V, X]",,,,
org.zoolu.sip.dialog.SubscriberDialog,subscribe,Muitos Parametros,"[A, X]",,,,
org.bigbluebutton.app.video.ffmpeg.FFmpegCommand,buildFFmpegCommand,Metodo Longo,[D],,,,
org.imsglobal.basiclti.XMLMap,recurse,Muitos Parametros,"[A, V, X]",,,,
org.zoolu.tools.RotatingLog,rInit,Muitos Parametros,"[A, X]",,,,
org.bigbluebutton.presentation.PresentationUrlDownloadService,processUploadedFile,Muitos Parametros,"[A, V, X]",,,,
org.bytedeco.javacpp.tools.Parser,declarator,Metodo Longo,"[A, R, D, V, X]",,,,
org.red5.app.sip.codecs.g729.LspGetq,lsp_prev_extract,Muitos Parametros,"[A, V, X]",,,,
org.bytedeco.javacpp.indexer.CharBufferIndexer,get,Muitos Parametros,"[A, V, X]",,,,
org.bytedeco.javacv.FFmpegFrameGrabber,grabFrame,Metodo Longo,"[A, R, V, X]",,,,
org.zoolu.sip.call.ExtendedCall,call,Muitos Parametros,"[A, X]",,,,
jnlp.sample.servlet.ResourceCatalog,visitElement,Alto Acoplamento Efferent,"[A, V, X]",,,,
org.bigbluebutton.core.util.jhotdraw.BezierPath,arcTo,Muitos Desvios,"[A, V, X]",,,,
org.red5.app.sip.codecs.ilbc.ilbc_decoder,enhancerInterface,Metodo Longo,"[A, V, X]",,,,
org.freeswitch.esl.client.inbound.ClientTest,conferenceEventJoin,Muitos Parametros,"[A, X]",,,,
org.red5.app.sip.codecs.ilbc.ilbc_encoder,window,Muitos Parametros,"[A, V, X]",,,,
org.bytedeco.javacpp.indexer.LongRawIndexer,put,Muitos Parametros,"[A, V, X]",,,,
local.media.ToneInputStream,init,Muitos Parametros,"[A, R, D, V, X]",,,,
org.imsglobal.basiclti.XMLMap,prettyPostProcess,Muitos Desvios,"[A, V, X]",,,,
org.zoolu.sip.provider.SipProvider,sendMessage,Muitos Parametros,"[A, D, V, X]",,,,
org.bytedeco.javacpp.tools.Generator,call,Metodo Longo,"[A, R, V, X]",,,,
org.bytedeco.javacpp.tools.Parser,containers,Metodo Longo,"[A, R, D, V, X]",,,,
org.bytedeco.javacpp.tools.Builder,generateAndCompile,Alto Acoplamento Efferent,"[A, V, X]",,,,
org.bigbluebutton.voiceconf.red5.ClientConnectionManager,createClient,Muitos Parametros,"[A, X]",,,,
org.red5.app.sip.BufferUtils,floatBufferIndexedCopy,Muitos Parametros,"[A, V, X]",,,,
org.red5.app.sip.codecs.g729.DecLD8K,decod_ld8k,Muitos Parametros,"[A, R, D, V, X]",,,,
org.bytedeco.javacpp.indexer.ShortIndexer,put,Muitos Parametros,"[A, V, X]",,,,
org.bigbluebutton.api.RecordingService,shouldIncludeState,Muitos Desvios,"[A, V, X]",,,,
org.red5.app.sip.codecs.g729.CodLD8K,coder_ld8k,Metodo Longo,"[A, R, D, V, X]",,,,
name.fraser.neil.plaintext.diff_match_patch,diff_path1,Metodo Longo,[V],,,,
org.bytedeco.javacpp.indexer.DoubleBufferIndexer,get,Muitos Parametros,"[A, V, X]",,,,
org.bigbluebutton.transcode.core.ffmpeg.FFmpegCommand,buildFFmpegCommand,Muitos Desvios,"[A, V, X]",,,,
org.bigbluebutton.deskshare.client.net.NetworkStreamSender,connect,Muitos Desvios,[V],,,,
org.bigbluebutton.core.util.jhotdraw.Geom,length,Muitos Parametros,"[A, X]",,,,
org.bigbluebutton.app.video.VideoApplication,roomConnect,Alto Acoplamento Efferent,"[A, V, X]",,,,
org.bigbluebutton.voiceconf.sip.SipPeerManager,createSipPeer,Muitos Parametros,"[A, R, D, V, X]",,,,
org.zoolu.sip.dialog.NotifierDialog,notify,Muitos Parametros,"[A, X]",,,,
org.bytedeco.javacpp.tools.Generator,cppTypeName,Muitos Desvios,"[A, R, V, X]",,,,
org.zoolu.sip.transaction.InviteTransactionServer,respondWith,Muitos Desvios,"[A, V, X]",,,,
org.bytedeco.javacpp.indexer.ShortArrayIndexer,put,Muitos Parametros,"[A, V, X]",,,,
org.bigbluebutton.screenshare.client.frame.WindowlessFrame,mouseDragged,Metodo Longo,"[D, V]",,,,
org.bytedeco.javacpp.indexer.UByteArrayIndexer,put,Muitos Parametros,"[A, V, X]",,,,
org.bytedeco.javacpp.tools.Parser,group,Muitos Desvios,"[A, R, D, V, X]",,,,
local.ua.UserAgent,addMediaDescriptor,Muitos Parametros,"[A, V, X]",,,,
org.bigbluebutton.presentation.DocumentConversionServiceImp,processDocument,Alto Acoplamento Efferent,[A],,,,
org.bytedeco.javacpp.indexer.IntBufferIndexer,get,Muitos Parametros,"[A, V, X]",,,,
org.imsglobal.basiclti.XMLMap,recurse,Metodo Longo,"[A, V, X]",,,,
name.fraser.neil.plaintext.diff_match_patch,patch_make,Metodo Longo,[V],,,,
org.zoolu.sdp.SessionDescriptor,init,Muitos Parametros,"[A, X]",,,,
org.freeswitch.esl.client.inbound.ClientTest,conferenceEventMute,Muitos Parametros,"[A, X]",,,,
org.bigbluebutton.screenshare.client.javacv.FfmpegScreenshare,setupMacOsXGrabber,Muitos Parametros,"[A, X]",,,,
org.bytedeco.javacv.FFmpegFrameRecorder,startUnsafe,Alto Acoplamento Efferent,"[A, R, V, X]",,,,
net.oauth.signature.Base64,encode,Metodo Longo,[V],,,,
org.red5.app.sip.codecs.asao.Codec,process,Metodo Longo,"[A, R, D, V, X]",,,,
org.bytedeco.javacpp.indexer.ByteIndexer,get,Muitos Parametros,"[A, V, X]",,,,
jnlp.sample.servlet.ResourceCatalog,parseFileEntry,Metodo Longo,[V],,,,
org.zoolu.net.UdpProvider,run,Muitos Desvios,[V],,,,
org.imsglobal.basiclti.XMLMap,getNodeAtPath,Muitos Parametros,"[A, V, X]",,,,
org.bigbluebutton.presentation.imp.TextFileCreatorImp,generateTextFiles,Alto Acoplamento Efferent,"[A, V, X]",,,,
org.red5.app.sip.codecs.ilbc.ilbc_common,ZeroPoleFilter,Muitos Parametros,"[A, R, D, V, X]",,,,
org.zoolu.sip.provider.SipProvider,parseLine,Muitos Desvios,"[A, D, V, X]",,,,
org.bytedeco.javacv.FFmpegFrameGrabber,startUnsafe,Alto Acoplamento Efferent,"[A, V, X]",,,,
org.zoolu.sip.provider.SipStack,init,Muitos Desvios,"[A, V, X]",,,,
org.zoolu.sip.provider.SipProvider,init,Muitos Parametros,"[A, X]",,,,
org.bytedeco.javacpp.Loader,loadProperties,Metodo Longo,[V],,,,
org.red5.app.sip.SipUserAgent,onCallTransfer,Muitos Parametros,"[A, X]",,,,
org.bigbluebutton.core.util.jhotdraw.BezierPath,contains,Muitos Parametros,"[A, X]",,,,
org.freeswitch.esl.client.example.EslEventListener,conferenceEventPlayFile,Muitos Parametros,"[A, X]",,,,
org.bytedeco.javacpp.tools.Generator,returnAfter,Alto Acoplamento Efferent,"[A, V, X]",,,,
org.bigbluebutton.deskshare.client.DeskshareMain,main,Metodo Longo,"[A, V]",,,,
org.bytedeco.javacpp.tools.Parser,declarations,Metodo Longo,"[A, V, X]",,,,
org.bytedeco.javacpp.tools.Parser,group,Alto Acoplamento Efferent,"[A, R, D, V, X]",,,,
org.freeswitch.esl.client.inbound.ClientTest,conferenceEventThreadRun,Muitos Parametros,"[A, X]",,,,
org.bigbluebutton.api.MeetingService,processRecording,,,9f2b53ab727f02a40459b6b7f6308ca6acc337c4,EXTRACT_OPERATION,private kickOffProcessingOfRecording(m Meeting) : void,public processRecording(m Meeting) : void
org.bigbluebutton.api.MeetingService,processRecording,,,67c4a3d7ec2c017246ec9434409716f2ba194260,EXTRACT_OPERATION,private kickOffProcessingOfRecording(m Meeting) : void,public processRecording(m Meeting) : void
org.bigbluebutton.api.MeetingService,kickOffProcessingOfRecording,,,9f2b53ab727f02a40459b6b7f6308ca6acc337c4,EXTRACT_OPERATION,private kickOffProcessingOfRecording(m Meeting) : void,public processRecording(m Meeting) : void
org.bigbluebutton.api.MeetingService,kickOffProcessingOfRecording,,,67c4a3d7ec2c017246ec9434409716f2ba194260,EXTRACT_OPERATION,private kickOffProcessingOfRecording(m Meeting) : void,public processRecording(m Meeting) : void
