Commmit-id,Refactring-name,Refactoring-Type,Code Element Left,Code Element Right,Class Before,Class After
56dde7c9b8b2756d545988b36a03f8a8f1834ca5,Change Variable Type,CHANGE_VARIABLE_TYPE,progress : ProgressDialog,progress : android.app.ProgressDialog,[com.zegoggles.smssync.activity.Dialogs.AccessTokenProgress],[com.zegoggles.smssync.activity.Dialogs.AccessTokenProgress]
b9c12b63eba96db7d309abd90a9befbb1ce3696a,Move Method,MOVE_OPERATION,private isSmsBackupDefaultSmsApp() : boolean,public isSmsBackupDefaultSmsApp(context Context) : boolean,[com.zegoggles.smssync.activity.MainActivity],[com.zegoggles.smssync.compat.SmsReceiver]
70c9e6844522ae7e566f94486e0c46e0e0bce77d,Change Return Type,CHANGE_RETURN_TYPE,CharSequence,int,[com.zegoggles.smssync.activity.MainActivity],[com.zegoggles.smssync.activity.MainActivity]
717b2f1d01543839cad90efc35e1ffb45c082329,Rename Variable,RENAME_VARIABLE,mSyncDetails : View,syncDetails : View,[com.zegoggles.smssync.activity.StatusPreference],[com.zegoggles.smssync.activity.StatusPreference]
717b2f1d01543839cad90efc35e1ffb45c082329,Rename Attribute,RENAME_ATTRIBUTE,mResolver : ContentResolver,resolver : ContentResolver,[com.zegoggles.smssync.mail.Attachment.ResolverBody],[com.zegoggles.smssync.mail.Attachment.ResolverBody]
717b2f1d01543839cad90efc35e1ffb45c082329,Rename Attribute,RENAME_ATTRIBUTE,mUri : Uri,uri : Uri,[com.zegoggles.smssync.mail.Attachment.ResolverBody],[com.zegoggles.smssync.mail.Attachment.ResolverBody]
717b2f1d01543839cad90efc35e1ffb45c082329,Rename Attribute,RENAME_ATTRIBUTE,mResources : Resources,resources : Resources,[com.zegoggles.smssync.mail.CallFormatter],[com.zegoggles.smssync.mail.CallFormatter]
717b2f1d01543839cad90efc35e1ffb45c082329,Rename Attribute,RENAME_ATTRIBUTE,mContext : Context,context : Context,[com.zegoggles.smssync.mail.MessageConverter],[com.zegoggles.smssync.mail.MessageConverter]
717b2f1d01543839cad90efc35e1ffb45c082329,Rename Attribute,RENAME_ATTRIBUTE,mMarkAsReadType : MarkAsReadTypes,markAsReadType : MarkAsReadTypes,[com.zegoggles.smssync.mail.MessageConverter],[com.zegoggles.smssync.mail.MessageConverter]
717b2f1d01543839cad90efc35e1ffb45c082329,Rename Attribute,RENAME_ATTRIBUTE,mPersonLookup : PersonLookup,personLookup : PersonLookup,[com.zegoggles.smssync.mail.MessageConverter],[com.zegoggles.smssync.mail.MessageConverter]
717b2f1d01543839cad90efc35e1ffb45c082329,Rename Attribute,RENAME_ATTRIBUTE,mMarkAsReadOnRestore : boolean,markAsReadOnRestore : boolean,[com.zegoggles.smssync.mail.MessageConverter],[com.zegoggles.smssync.mail.MessageConverter]
717b2f1d01543839cad90efc35e1ffb45c082329,Rename Attribute,RENAME_ATTRIBUTE,mMessageGenerator : MessageGenerator,messageGenerator : MessageGenerator,[com.zegoggles.smssync.mail.MessageConverter],[com.zegoggles.smssync.mail.MessageConverter]
717b2f1d01543839cad90efc35e1ffb45c082329,Rename Attribute,RENAME_ATTRIBUTE,mResolver : ContentResolver,resolver : ContentResolver,[com.zegoggles.smssync.mail.PersonLookup],[com.zegoggles.smssync.mail.PersonLookup]
717b2f1d01543839cad90efc35e1ffb45c082329,Rename Attribute,RENAME_ATTRIBUTE,"mPeopleCache : Map<String,PersonRecord>","personCache : Map<String,PersonRecord>",[com.zegoggles.smssync.mail.PersonLookup],[com.zegoggles.smssync.mail.PersonLookup]
717b2f1d01543839cad90efc35e1ffb45c082329,Rename Attribute,RENAME_ATTRIBUTE,mWakeLock : PowerManager.WakeLock,wakeLock : PowerManager.WakeLock,[com.zegoggles.smssync.service.ServiceBase],[com.zegoggles.smssync.service.ServiceBase]
717b2f1d01543839cad90efc35e1ffb45c082329,Rename Attribute,RENAME_ATTRIBUTE,mWifiLock : WifiManager.WifiLock,wifiLock : WifiManager.WifiLock,[com.zegoggles.smssync.service.ServiceBase],[com.zegoggles.smssync.service.ServiceBase]
717b2f1d01543839cad90efc35e1ffb45c082329,Rename Attribute,RENAME_ATTRIBUTE,mState : BackupState,state : BackupState,[com.zegoggles.smssync.service.SmsBackupService],[com.zegoggles.smssync.service.SmsBackupService]
717b2f1d01543839cad90efc35e1ffb45c082329,Rename Attribute,RENAME_ATTRIBUTE,mState : RestoreState,state : RestoreState,[com.zegoggles.smssync.service.SmsRestoreService],[com.zegoggles.smssync.service.SmsRestoreService]
717b2f1d01543839cad90efc35e1ffb45c082329,Rename Attribute,RENAME_ATTRIBUTE,"mThreadIdCache : Map<String,Long>","threadIdCache : Map<String,Long>",[com.zegoggles.smssync.utils.ThreadHelper],[com.zegoggles.smssync.utils.ThreadHelper]
0311a310f2d6418d0c16f0215f75d182f19a5e7d,Rename Variable,RENAME_VARIABLE,hdrs : String[],headers : String[],[com.zegoggles.smssync.mail.Headers],[com.zegoggles.smssync.mail.Headers]
923b10dd7f7f134622fa890daf777e83113c8d3f,Move Source Folder,MOVE_SOURCE_FOLDER,com.zegoggles.smssync.MmsConsts,com.zegoggles.smssync.MmsConsts,"[com.zegoggles.smssync.MmsConsts, com.zegoggles.smssync.activity.donation.DonationActivity.DonationStatusListener, com.zegoggles.smssync.auth.OAuth2Client, com.zegoggles.smssync.auth.OAuth2Token, com.zegoggles.smssync.auth.TokenRefreshException, com.zegoggles.smssync.calendar.CalendarAccessor, com.zegoggles.smssync.calendar.CalendarAccessorPost40, com.zegoggles.smssync.calendar.CalendarAccessorPre40, com.zegoggles.smssync.compat.ComposeSmsActivity, com.zegoggles.smssync.compat.HeadlessSmsSendService, com.zegoggles.smssync.compat.MmsReceiver, com.zegoggles.smssync.contacts.ContactGroup, com.zegoggles.smssync.contacts.ContactGroupIds, com.zegoggles.smssync.contacts.Group, com.zegoggles.smssync.mail.AllTrustedSocketFactory, com.zegoggles.smssync.mail.Attachment, com.zegoggles.smssync.mail.BackupStoreConfig, com.zegoggles.smssync.mail.ConversionResult, com.zegoggles.smssync.mail.HeaderGenerator, com.zegoggles.smssync.mail.Headers, com.zegoggles.smssync.mail.MessageConverter, com.zegoggles.smssync.mail.MmsSupport, com.zegoggles.smssync.mail.PersonRecord, com.zegoggles.smssync.receiver.BackupBroadcastReceiver, com.zegoggles.smssync.service.BackupCursors, com.zegoggles.smssync.service.BackupQueryBuilder, com.zegoggles.smssync.service.BackupTask, com.zegoggles.smssync.service.BulkFetcher, com.zegoggles.smssync.service.CalendarSyncer, com.zegoggles.smssync.service.RestoreConfig, com.zegoggles.smssync.service.RestoreTask, com.zegoggles.smssync.service.SmsRestoreService, com.zegoggles.smssync.service.exception.BackupDisabledException, com.zegoggles.smssync.service.exception.ConnectivityException, com.zegoggles.smssync.service.exception.LocalizableException, com.zegoggles.smssync.service.exception.NoConnectionException, com.zegoggles.smssync.service.exception.RequiresLoginException, com.zegoggles.smssync.service.exception.RequiresWifiException, com.zegoggles.smssync.service.exception.SmsProviderNotWritableException, com.zegoggles.smssync.service.state.BackupState, com.zegoggles.smssync.service.state.RestoreState, com.zegoggles.smssync.service.state.State, com.zegoggles.smssync.tasks.OAuth2CallbackTask, com.zegoggles.smssync.utils.ListPreferenceHelper, com.zegoggles.smssync.utils.Sanitizer, com.zegoggles.smssync.utils.ThreadHelper, com.zegoggles.smssync.auth.OAuth2TokenTest, com.zegoggles.smssync.auth.TokenRefresherTest, com.zegoggles.smssync.calendar.CalendarAccessorPost40Test, com.zegoggles.smssync.mail.AttachmentTest, com.zegoggles.smssync.mail.ConversionResultTest, com.zegoggles.smssync.mail.HeaderGeneratorTest, com.zegoggles.smssync.mail.MessageConverterTest, com.zegoggles.smssync.mail.MessageGeneratorTest, com.zegoggles.smssync.mail.PersonLookupTest, com.zegoggles.smssync.mail.PersonRecordTest, com.zegoggles.smssync.service.BackupConfigTest, com.zegoggles.smssync.service.BackupCursorsTest, com.zegoggles.smssync.service.BackupTaskTest, com.zegoggles.smssync.service.BulkFetcherTest, com.zegoggles.smssync.service.CalendarSyncerTest, com.zegoggles.smssync.service.RestoreTaskTest, com.zegoggles.smssync.service.state.StateTest, com.zegoggles.smssync.Consts, com.zegoggles.smssync.activity.MainActivity, com.zegoggles.smssync.activity.auth.AccountManagerAuthActivity, com.zegoggles.smssync.auth.TokenRefresher, com.zegoggles.smssync.mail.BackupImapStore, com.zegoggles.smssync.mail.CallFormatter, com.zegoggles.smssync.mail.PersonLookup, com.zegoggles.smssync.preferences.AuthPreferences, com.zegoggles.smssync.preferences.Defaults, com.zegoggles.smssync.preferences.Preferences, com.zegoggles.smssync.receiver.SmsBroadcastReceiver, com.zegoggles.smssync.service.BackupItemsFetcher, com.zegoggles.smssync.service.ServiceBase, com.zegoggles.smssync.service.SmsBackupService, com.zegoggles.smssync.utils.AppLog, com.zegoggles.smssync.mail.CallFormatterTest, com.zegoggles.smssync.preferences.AuthPreferencesTest, com.zegoggles.smssync.service.BackupQueryBuilderTest]","[com.zegoggles.smssync.MmsConsts, com.zegoggles.smssync.activity.donation.DonationActivity.DonationStatusListener, com.zegoggles.smssync.auth.OAuth2Client, com.zegoggles.smssync.auth.OAuth2Token, com.zegoggles.smssync.auth.TokenRefreshException, com.zegoggles.smssync.calendar.CalendarAccessor, com.zegoggles.smssync.calendar.CalendarAccessorPost40, com.zegoggles.smssync.calendar.CalendarAccessorPre40, com.zegoggles.smssync.compat.ComposeSmsActivity, com.zegoggles.smssync.compat.HeadlessSmsSendService, com.zegoggles.smssync.compat.MmsReceiver, com.zegoggles.smssync.contacts.ContactGroup, com.zegoggles.smssync.contacts.ContactGroupIds, com.zegoggles.smssync.contacts.Group, com.zegoggles.smssync.mail.AllTrustedSocketFactory, com.zegoggles.smssync.mail.Attachment, com.zegoggles.smssync.mail.BackupStoreConfig, com.zegoggles.smssync.mail.ConversionResult, com.zegoggles.smssync.mail.HeaderGenerator, com.zegoggles.smssync.mail.Headers, com.zegoggles.smssync.mail.MessageConverter, com.zegoggles.smssync.mail.MmsSupport, com.zegoggles.smssync.mail.PersonRecord, com.zegoggles.smssync.receiver.BackupBroadcastReceiver, com.zegoggles.smssync.service.BackupCursors, com.zegoggles.smssync.service.BackupQueryBuilder, com.zegoggles.smssync.service.BackupTask, com.zegoggles.smssync.service.BulkFetcher, com.zegoggles.smssync.service.CalendarSyncer, com.zegoggles.smssync.service.RestoreConfig, com.zegoggles.smssync.service.RestoreTask, com.zegoggles.smssync.service.SmsRestoreService, com.zegoggles.smssync.service.exception.BackupDisabledException, com.zegoggles.smssync.service.exception.ConnectivityException, com.zegoggles.smssync.service.exception.LocalizableException, com.zegoggles.smssync.service.exception.NoConnectionException, com.zegoggles.smssync.service.exception.RequiresLoginException, com.zegoggles.smssync.service.exception.RequiresWifiException, com.zegoggles.smssync.service.exception.SmsProviderNotWritableException, com.zegoggles.smssync.service.state.BackupState, com.zegoggles.smssync.service.state.RestoreState, com.zegoggles.smssync.service.state.State, com.zegoggles.smssync.tasks.OAuth2CallbackTask, com.zegoggles.smssync.utils.ListPreferenceHelper, com.zegoggles.smssync.utils.Sanitizer, com.zegoggles.smssync.utils.ThreadHelper, com.zegoggles.smssync.auth.OAuth2TokenTest, com.zegoggles.smssync.auth.TokenRefresherTest, com.zegoggles.smssync.calendar.CalendarAccessorPost40Test, com.zegoggles.smssync.mail.AttachmentTest, com.zegoggles.smssync.mail.ConversionResultTest, com.zegoggles.smssync.mail.HeaderGeneratorTest, com.zegoggles.smssync.mail.MessageConverterTest, com.zegoggles.smssync.mail.MessageGeneratorTest, com.zegoggles.smssync.mail.PersonLookupTest, com.zegoggles.smssync.mail.PersonRecordTest, com.zegoggles.smssync.service.BackupConfigTest, com.zegoggles.smssync.service.BackupCursorsTest, com.zegoggles.smssync.service.BackupTaskTest, com.zegoggles.smssync.service.BulkFetcherTest, com.zegoggles.smssync.service.CalendarSyncerTest, com.zegoggles.smssync.service.RestoreTaskTest, com.zegoggles.smssync.service.state.StateTest, com.zegoggles.smssync.Consts, com.zegoggles.smssync.activity.MainActivity, com.zegoggles.smssync.activity.auth.AccountManagerAuthActivity, com.zegoggles.smssync.auth.TokenRefresher, com.zegoggles.smssync.mail.BackupImapStore, com.zegoggles.smssync.mail.CallFormatter, com.zegoggles.smssync.mail.PersonLookup, com.zegoggles.smssync.preferences.AuthPreferences, com.zegoggles.smssync.preferences.Defaults, com.zegoggles.smssync.preferences.Preferences, com.zegoggles.smssync.receiver.SmsBroadcastReceiver, com.zegoggles.smssync.service.BackupItemsFetcher, com.zegoggles.smssync.service.ServiceBase, com.zegoggles.smssync.service.SmsBackupService, com.zegoggles.smssync.utils.AppLog, com.zegoggles.smssync.mail.CallFormatterTest, com.zegoggles.smssync.preferences.AuthPreferencesTest, com.zegoggles.smssync.service.BackupQueryBuilderTest]"
923b10dd7f7f134622fa890daf777e83113c8d3f,Rename Class,RENAME_CLASS,com.zegoggles.smssync.contacts.ContactAccessorPost20,com.zegoggles.smssync.contacts.ContactAccessor,[com.zegoggles.smssync.contacts.ContactAccessorPost20],[com.zegoggles.smssync.contacts.ContactAccessor]
923b10dd7f7f134622fa890daf777e83113c8d3f,Move And Rename Class,MOVE_RENAME_CLASS,com.zegoggles.smssync.service.UserCanceled,com.zegoggles.smssync.activity.events.ThemeChangedEvent,[com.zegoggles.smssync.service.UserCanceled],[com.zegoggles.smssync.activity.events.ThemeChangedEvent]
923b10dd7f7f134622fa890daf777e83113c8d3f,Rename Class,RENAME_CLASS,com.zegoggles.smssync.contacts.ContactAccessorPost20Test,com.zegoggles.smssync.contacts.ContactAccessorTest,[com.zegoggles.smssync.contacts.ContactAccessorPost20Test],[com.zegoggles.smssync.contacts.ContactAccessorTest]
923b10dd7f7f134622fa890daf777e83113c8d3f,Rename Class,RENAME_CLASS,com.zegoggles.smssync.contacts.ContactGroupdsTest,com.zegoggles.smssync.contacts.ContactGroupsTest,[com.zegoggles.smssync.contacts.ContactGroupdsTest],[com.zegoggles.smssync.contacts.ContactGroupsTest]
923b10dd7f7f134622fa890daf777e83113c8d3f,Rename Class,RENAME_CLASS,com.zegoggles.smssync.service.AlarmsTest,com.zegoggles.smssync.service.BackupJobsTest,[com.zegoggles.smssync.service.AlarmsTest],[com.zegoggles.smssync.service.BackupJobsTest]
923b10dd7f7f134622fa890daf777e83113c8d3f,Rename Parameter,RENAME_PARAMETER,context : Context,preferences : DataTypePreferences,[com.zegoggles.smssync.service.BackupQueryBuilder],[com.zegoggles.smssync.service.BackupQueryBuilder]
923b10dd7f7f134622fa890daf777e83113c8d3f,Change Parameter Type,CHANGE_PARAMETER_TYPE,context : Context,preferences : DataTypePreferences,[com.zegoggles.smssync.service.BackupQueryBuilder],[com.zegoggles.smssync.service.BackupQueryBuilder]
923b10dd7f7f134622fa890daf777e83113c8d3f,Rename Attribute,RENAME_ATTRIBUTE,context : Context,preferences : DataTypePreferences,[com.zegoggles.smssync.service.BackupQueryBuilder],[com.zegoggles.smssync.service.BackupQueryBuilder]
923b10dd7f7f134622fa890daf777e83113c8d3f,Change Attribute Type,CHANGE_ATTRIBUTE_TYPE,context : Context,preferences : DataTypePreferences,[com.zegoggles.smssync.service.BackupQueryBuilder],[com.zegoggles.smssync.service.BackupQueryBuilder]
923b10dd7f7f134622fa890daf777e83113c8d3f,Inline Method,INLINE_OPERATION,"private publish(state SmsSyncState, exception Exception) : void",private publish(state SmsSyncState) : void,[com.zegoggles.smssync.service.BackupTask],[com.zegoggles.smssync.service.BackupTask]
923b10dd7f7f134622fa890daf777e83113c8d3f,Inline Method,INLINE_OPERATION,"private publishProgress(smsSyncState SmsSyncState, exception Exception) : void",private publishProgress(smsSyncState SmsSyncState) : void,[com.zegoggles.smssync.service.RestoreTask],[com.zegoggles.smssync.service.RestoreTask]
923b10dd7f7f134622fa890daf777e83113c8d3f,Rename Method,RENAME_METHOD,public isServiceWorking() : boolean,public isServiceIdle() : boolean,[com.zegoggles.smssync.service.SmsRestoreService],[com.zegoggles.smssync.service.SmsRestoreService]
923b10dd7f7f134622fa890daf777e83113c8d3f,Rename Method,RENAME_METHOD,public testMessageToContentValuesWithUnknownMessageTypeGetParsedAsSMS() : void,public testMessageToContentValuesWithUnknownMessageTypeThrowsException() : void,[com.zegoggles.smssync.mail.MessageConverterTest],[com.zegoggles.smssync.mail.MessageConverterTest]
923b10dd7f7f134622fa890daf777e83113c8d3f,Extract Method,EXTRACT_OPERATION,public testShouldGenerateMessageForCallLogIncoming() : void,private assertMessage(message Message) : void,[com.zegoggles.smssync.mail.MessageGeneratorTest],[com.zegoggles.smssync.mail.MessageGeneratorTest]
923b10dd7f7f134622fa890daf777e83113c8d3f,Parameterize Variable,PARAMETERIZE_VARIABLE,msg : Message,message : Message,[com.zegoggles.smssync.mail.MessageGeneratorTest],[com.zegoggles.smssync.mail.MessageGeneratorTest]
923b10dd7f7f134622fa890daf777e83113c8d3f,Extract Method,EXTRACT_OPERATION,public testShouldGenerateMessageForCallLogMissed() : void,private assertMessage(message Message) : void,[com.zegoggles.smssync.mail.MessageGeneratorTest],[com.zegoggles.smssync.mail.MessageGeneratorTest]
923b10dd7f7f134622fa890daf777e83113c8d3f,Parameterize Variable,PARAMETERIZE_VARIABLE,msg : Message,message : Message,[com.zegoggles.smssync.mail.MessageGeneratorTest],[com.zegoggles.smssync.mail.MessageGeneratorTest]
923b10dd7f7f134622fa890daf777e83113c8d3f,Rename Variable,RENAME_VARIABLE,msg : Message,message : Message,[com.zegoggles.smssync.mail.MessageGeneratorTest],[com.zegoggles.smssync.mail.MessageGeneratorTest]
923b10dd7f7f134622fa890daf777e83113c8d3f,Rename Variable,RENAME_VARIABLE,msg : Message,message : Message,[com.zegoggles.smssync.mail.MessageGeneratorTest],[com.zegoggles.smssync.mail.MessageGeneratorTest]
923b10dd7f7f134622fa890daf777e83113c8d3f,Rename Method,RENAME_METHOD,private initiateBackup() : void,public performAction(action PerformAction) : void,[com.zegoggles.smssync.activity.MainActivity],[com.zegoggles.smssync.activity.MainActivity]
923b10dd7f7f134622fa890daf777e83113c8d3f,Inline Method,INLINE_OPERATION,private show(d Dialogs) : void,public onCreate(bundle Bundle) : void,[com.zegoggles.smssync.activity.MainActivity],[com.zegoggles.smssync.activity.MainActivity]
923b10dd7f7f134622fa890daf777e83113c8d3f,Inline Method,INLINE_OPERATION,private show(d Dialogs) : void,public onOptionsItemSelected(item MenuItem) : boolean,[com.zegoggles.smssync.activity.MainActivity],[com.zegoggles.smssync.activity.MainActivity]
923b10dd7f7f134622fa890daf777e83113c8d3f,Inline Method,INLINE_OPERATION,private show(d Dialogs) : void,"protected onActivityResult(requestCode int, resultCode int, data Intent) : void",[com.zegoggles.smssync.activity.MainActivity],[com.zegoggles.smssync.activity.MainActivity]
923b10dd7f7f134622fa890daf777e83113c8d3f,Inline Method,INLINE_OPERATION,private show(d Dialogs) : void,public onOAuth2Callback(event OAuth2CallbackTask.OAuth2CallbackEvent) : void,[com.zegoggles.smssync.activity.MainActivity],[com.zegoggles.smssync.activity.MainActivity]
923b10dd7f7f134622fa890daf777e83113c8d3f,Inline Method,INLINE_OPERATION,private show(d Dialogs) : void,private onAuthenticated() : void,[com.zegoggles.smssync.activity.MainActivity],[com.zegoggles.smssync.activity.MainActivity]
923b10dd7f7f134622fa890daf777e83113c8d3f,Inline Method,INLINE_OPERATION,private show(d Dialogs) : void,private startRestore() : void,[com.zegoggles.smssync.activity.MainActivity],[com.zegoggles.smssync.activity.MainActivity]
923b10dd7f7f134622fa890daf777e83113c8d3f,Inline Method,INLINE_OPERATION,private show(d Dialogs) : void,private handleAccountManagerAuth(data Intent) : void,[com.zegoggles.smssync.activity.MainActivity],[com.zegoggles.smssync.activity.MainActivity]
923b10dd7f7f134622fa890daf777e83113c8d3f,Inline Method,INLINE_OPERATION,private show(d Dialogs) : void,public performAction(action PerformAction) : void,[com.zegoggles.smssync.activity.MainActivity],[com.zegoggles.smssync.activity.MainActivity]
923b10dd7f7f134622fa890daf777e83113c8d3f,Inline Variable,INLINE_VARIABLE,inflater : android.view.MenuInflater,0,[com.zegoggles.smssync.activity.MainActivity],[com.zegoggles.smssync.activity.MainActivity]
923b10dd7f7f134622fa890daf777e83113c8d3f,Replace Variable With Attribute,REPLACE_VARIABLE_WITH_ATTRIBUTE,changeIntent : Intent,changeDefaultPackageIntent : Intent,[com.zegoggles.smssync.activity.MainActivity],[com.zegoggles.smssync.activity.MainActivity]
923b10dd7f7f134622fa890daf777e83113c8d3f,Extract Method,EXTRACT_OPERATION,public onCreate(savedInstanceState Bundle) : void,private checkAccounts() : void,[com.zegoggles.smssync.activity.auth.AccountManagerAuthActivity],[com.zegoggles.smssync.activity.auth.AccountManagerAuthActivity]
923b10dd7f7f134622fa890daf777e83113c8d3f,Rename Attribute,RENAME_ATTRIBUTE,ACTION_FALLBACKAUTH : String,ACTION_FALLBACK_AUTH : String,[com.zegoggles.smssync.activity.auth.AccountManagerAuthActivity],[com.zegoggles.smssync.activity.auth.AccountManagerAuthActivity]
923b10dd7f7f134622fa890daf777e83113c8d3f,Rename Method,RENAME_METHOD,private getOauthUsername() : String,private getServerAddress() : String,[com.zegoggles.smssync.preferences.AuthPreferences],[com.zegoggles.smssync.preferences.AuthPreferences]
923b10dd7f7f134622fa890daf777e83113c8d3f,Rename Method,RENAME_METHOD,private getOauthToken() : String,public getServername() : String,[com.zegoggles.smssync.preferences.AuthPreferences],[com.zegoggles.smssync.preferences.AuthPreferences]
923b10dd7f7f134622fa890daf777e83113c8d3f,Rename Attribute,RENAME_ATTRIBUTE,LOGIN_PASSWORD : String,IMAP_PASSWORD : String,[com.zegoggles.smssync.preferences.AuthPreferences],[com.zegoggles.smssync.preferences.AuthPreferences]
923b10dd7f7f134622fa890daf777e83113c8d3f,Rename Attribute,RENAME_ATTRIBUTE,LOGIN_USER : String,IMAP_USER : String,[com.zegoggles.smssync.preferences.AuthPreferences],[com.zegoggles.smssync.preferences.AuthPreferences]
923b10dd7f7f134622fa890daf777e83113c8d3f,Rename Method,RENAME_METHOD,public isEnableAutoSync() : boolean,public isAutoBackupEnabled() : boolean,[com.zegoggles.smssync.preferences.Preferences],[com.zegoggles.smssync.preferences.Preferences]
923b10dd7f7f134622fa890daf777e83113c8d3f,Rename Variable,RENAME_VARIABLE,code : int,currentVersionCode : int,[com.zegoggles.smssync.preferences.Preferences],[com.zegoggles.smssync.preferences.Preferences]
923b10dd7f7f134622fa890daf777e83113c8d3f,Change Return Type,CHANGE_RETURN_TYPE,Alarms,BackupJobs,[com.zegoggles.smssync.receiver.SmsBroadcastReceiver],[com.zegoggles.smssync.receiver.SmsBroadcastReceiver]
923b10dd7f7f134622fa890daf777e83113c8d3f,Rename Method,RENAME_METHOD,protected getAlarms(context Context) : Alarms,protected getBackupJobs(context Context) : BackupJobs,[com.zegoggles.smssync.receiver.SmsBroadcastReceiver],[com.zegoggles.smssync.receiver.SmsBroadcastReceiver]
923b10dd7f7f134622fa890daf777e83113c8d3f,Rename Variable,RENAME_VARIABLE,autoSync : boolean,autoBackupEnabled : boolean,[com.zegoggles.smssync.receiver.SmsBroadcastReceiver],[com.zegoggles.smssync.receiver.SmsBroadcastReceiver]
923b10dd7f7f134622fa890daf777e83113c8d3f,Rename Method,RENAME_METHOD,private checkBackgroundDataSettings(backupType BackupType) : void,private legacyCheckConnectivity() : void,[com.zegoggles.smssync.service.SmsBackupService],[com.zegoggles.smssync.service.SmsBackupService]
923b10dd7f7f134622fa890daf777e83113c8d3f,Change Return Type,CHANGE_RETURN_TYPE,Alarms,BackupJobs,[com.zegoggles.smssync.service.SmsBackupService],[com.zegoggles.smssync.service.SmsBackupService]
923b10dd7f7f134622fa890daf777e83113c8d3f,Rename Method,RENAME_METHOD,protected getAlarms() : Alarms,protected getBackupJobs() : BackupJobs,[com.zegoggles.smssync.service.SmsBackupService],[com.zegoggles.smssync.service.SmsBackupService]
923b10dd7f7f134622fa890daf777e83113c8d3f,Change Return Type,CHANGE_RETURN_TYPE,boolean,String,[com.zegoggles.smssync.utils.AppLog],[com.zegoggles.smssync.utils.AppLog]
923b10dd7f7f134622fa890daf777e83113c8d3f,Change Attribute Type,CHANGE_ATTRIBUTE_TYPE,accessor : ContactAccessorPost20,accessor : ContactAccessor,[com.zegoggles.smssync.contacts.ContactAccessorPost20Test],[com.zegoggles.smssync.contacts.ContactAccessorTest]
923b10dd7f7f134622fa890daf777e83113c8d3f,Rename Attribute,RENAME_ATTRIBUTE,alarms : Alarms,subject : BackupJobs,[com.zegoggles.smssync.service.AlarmsTest],[com.zegoggles.smssync.service.BackupJobsTest]
923b10dd7f7f134622fa890daf777e83113c8d3f,Change Attribute Type,CHANGE_ATTRIBUTE_TYPE,alarms : Alarms,subject : BackupJobs,[com.zegoggles.smssync.service.AlarmsTest],[com.zegoggles.smssync.service.BackupJobsTest]
923b10dd7f7f134622fa890daf777e83113c8d3f,Rename Attribute,RENAME_ATTRIBUTE,ECLAIR_CONTENT_URI : Uri,CONTENT_URI : Uri,[com.zegoggles.smssync.mail.MessageConverter],[com.zegoggles.smssync.mail.MessageConverter]
923b10dd7f7f134622fa890daf777e83113c8d3f,Extract Superclass,EXTRACT_SUPERCLASS,com.zegoggles.smssync.activity.MainActivity,com.zegoggles.smssync.activity.ThemeActivity,"[com.zegoggles.smssync.activity.MainActivity, com.zegoggles.smssync.activity.auth.AccountManagerAuthActivity]",[com.zegoggles.smssync.activity.ThemeActivity]
923b10dd7f7f134622fa890daf777e83113c8d3f,Extract Class,EXTRACT_CLASS,com.zegoggles.smssync.activity.MainActivity,com.zegoggles.smssync.activity.fragments.AdvancedSettings.Backup,[com.zegoggles.smssync.activity.MainActivity],[com.zegoggles.smssync.activity.fragments.AdvancedSettings.Backup]
923b10dd7f7f134622fa890daf777e83113c8d3f,Extract Class,EXTRACT_CLASS,com.zegoggles.smssync.activity.MainActivity,com.zegoggles.smssync.activity.fragments.AdvancedSettings.Backup.CallLog,[com.zegoggles.smssync.activity.MainActivity],[com.zegoggles.smssync.activity.fragments.AdvancedSettings.Backup.CallLog]
923b10dd7f7f134622fa890daf777e83113c8d3f,Extract Class,EXTRACT_CLASS,com.zegoggles.smssync.activity.MainActivity,com.zegoggles.smssync.activity.fragments.AdvancedSettings.Server,[com.zegoggles.smssync.activity.MainActivity],[com.zegoggles.smssync.activity.fragments.AdvancedSettings.Server]
923b10dd7f7f134622fa890daf777e83113c8d3f,Extract Class,EXTRACT_CLASS,com.zegoggles.smssync.activity.MainActivity,com.zegoggles.smssync.activity.fragments.MainSettings,[com.zegoggles.smssync.activity.MainActivity],[com.zegoggles.smssync.activity.fragments.MainSettings]
923b10dd7f7f134622fa890daf777e83113c8d3f,Move Method,MOVE_OPERATION,protected onResume() : void,public onResume() : void,[com.zegoggles.smssync.activity.MainActivity],[com.zegoggles.smssync.activity.fragments.AdvancedSettings.Backup]
923b10dd7f7f134622fa890daf777e83113c8d3f,Move Method,MOVE_OPERATION,private updateImapFolderLabelFromPref() : void,private updateImapFolderLabelFromPref() : void,[com.zegoggles.smssync.activity.MainActivity],[com.zegoggles.smssync.activity.fragments.AdvancedSettings.Backup]
923b10dd7f7f134622fa890daf777e83113c8d3f,Move Method,MOVE_OPERATION,private updateImapCallogFolderLabelFromPref() : void,private updateImapCallogFolderLabelFromPref() : void,[com.zegoggles.smssync.activity.MainActivity],[com.zegoggles.smssync.activity.fragments.AdvancedSettings.Backup]
923b10dd7f7f134622fa890daf777e83113c8d3f,Move Method,MOVE_OPERATION,private updateMaxItemsPerSync(newValue String) : void,private updateMaxItemsPerSync(newValue String) : void,[com.zegoggles.smssync.activity.MainActivity],[com.zegoggles.smssync.activity.fragments.AdvancedSettings.Backup]
923b10dd7f7f134622fa890daf777e83113c8d3f,Move Method,MOVE_OPERATION,private updateLastBackupTimes() : void,private updateLastBackupTimes() : void,[com.zegoggles.smssync.activity.MainActivity],[com.zegoggles.smssync.activity.fragments.AdvancedSettings.Backup]
923b10dd7f7f134622fa890daf777e83113c8d3f,Move Method,MOVE_OPERATION,package getLastSyncText(lastSync long) : String,private getLastSyncText(lastSync long) : String,[com.zegoggles.smssync.activity.MainActivity],[com.zegoggles.smssync.activity.fragments.AdvancedSettings.Backup]
923b10dd7f7f134622fa890daf777e83113c8d3f,Move Method,MOVE_OPERATION,private updateBackupContactGroupLabelFromPref() : void,private updateBackupContactGroupLabelFromPref() : void,[com.zegoggles.smssync.activity.MainActivity],[com.zegoggles.smssync.activity.fragments.AdvancedSettings.Backup]
923b10dd7f7f134622fa890daf777e83113c8d3f,Move Method,MOVE_OPERATION,private initGroups() : void,private initGroups() : void,[com.zegoggles.smssync.activity.MainActivity],[com.zegoggles.smssync.activity.fragments.AdvancedSettings.Backup]
923b10dd7f7f134622fa890daf777e83113c8d3f,Move Method,MOVE_OPERATION,private updateCallLogCalendarLabelFromPref() : void,private updateCallLogCalendarLabelFromPref() : void,[com.zegoggles.smssync.activity.MainActivity],[com.zegoggles.smssync.activity.fragments.AdvancedSettings.Backup.CallLog]
923b10dd7f7f134622fa890daf777e83113c8d3f,Move Method,MOVE_OPERATION,private initCalendars() : void,private initCalendars() : void,[com.zegoggles.smssync.activity.MainActivity],[com.zegoggles.smssync.activity.fragments.AdvancedSettings.Backup.CallLog]
923b10dd7f7f134622fa890daf777e83113c8d3f,Move Method,MOVE_OPERATION,private updateImapSettings(enabled boolean) : void,private updateImapSettings(enabled boolean) : void,[com.zegoggles.smssync.activity.MainActivity],[com.zegoggles.smssync.activity.fragments.AdvancedSettings.Server]
923b10dd7f7f134622fa890daf777e83113c8d3f,Move Method,MOVE_OPERATION,private updateUsernameLabel(username String) : void,private updateUsernameLabel(username String) : void,[com.zegoggles.smssync.activity.MainActivity],[com.zegoggles.smssync.activity.fragments.AdvancedSettings.Server]
923b10dd7f7f134622fa890daf777e83113c8d3f,Move Method,MOVE_OPERATION,private checkUserDonationStatus() : void,private checkUserDonationStatus() : void,[com.zegoggles.smssync.activity.MainActivity],[com.zegoggles.smssync.activity.fragments.MainSettings]
4449b83e551527a7316ec9c81059699e8d740126,Change Return Type,CHANGE_RETURN_TYPE,CheckBoxPreference,TwoStatePreference,[com.zegoggles.smssync.activity.fragments.MainSettings],[com.zegoggles.smssync.activity.fragments.MainSettings]
4449b83e551527a7316ec9c81059699e8d740126,Change Parameter Type,CHANGE_PARAMETER_TYPE,connected : CheckBoxPreference,connected : TwoStatePreference,[com.zegoggles.smssync.activity.fragments.MainSettings],[com.zegoggles.smssync.activity.fragments.MainSettings]
4449b83e551527a7316ec9c81059699e8d740126,Extract Variable,EXTRACT_VARIABLE,0,summary : String,[com.zegoggles.smssync.activity.fragments.MainSettings],[com.zegoggles.smssync.activity.fragments.MainSettings]
4449b83e551527a7316ec9c81059699e8d740126,Change Variable Type,CHANGE_VARIABLE_TYPE,connected : CheckBoxPreference,connected : TwoStatePreference,[com.zegoggles.smssync.activity.fragments.MainSettings],[com.zegoggles.smssync.activity.fragments.MainSettings]
d1d42a7473310ae0cd799eb1d95582946d28b8cc,Extract Variable,EXTRACT_VARIABLE,0,themeResId : int,[com.zegoggles.smssync.activity.ThemeActivity],[com.zegoggles.smssync.activity.ThemeActivity]
82d8a939eebe2167d2721a53d036b46e81490753,Move Method,MOVE_OPERATION,public shouldTestOnSDCARD() : void,public shouldTestOnSDCARD() : void,[com.zegoggles.smssync.preferences.PreferencesTest],[com.zegoggles.smssync.AppTest]
28f6c8a0ee76cd5d199a3cbf2f8afd54304965dc,Move Method,MOVE_OPERATION,public isInstalledOnSDCard() : boolean,public isInstalledOnSDCard(context Context) : boolean,[com.zegoggles.smssync.preferences.Preferences],[com.zegoggles.smssync.App]
fefa55b80d824cf74a94cbc00fc86141c5ac968b,Rename Variable,RENAME_VARIABLE,code : int,currentVersionCode : int,[com.zegoggles.smssync.preferences.Preferences],[com.zegoggles.smssync.preferences.Preferences]
e754bf7286832b9265a0fbbcf1b41fc4cb490642,Extract Class,EXTRACT_CLASS,com.zegoggles.smssync.preferences.PreferencesTest,com.zegoggles.smssync.AppTest,[com.zegoggles.smssync.preferences.PreferencesTest],[com.zegoggles.smssync.AppTest]
e754bf7286832b9265a0fbbcf1b41fc4cb490642,Move Method,MOVE_OPERATION,public shouldGetVersionName() : void,public shouldGetVersionName() : void,[com.zegoggles.smssync.preferences.PreferencesTest],[com.zegoggles.smssync.AppTest]
e754bf7286832b9265a0fbbcf1b41fc4cb490642,Move Method,MOVE_OPERATION,public shouldGetVersionCode() : void,public shouldGetVersionCode() : void,[com.zegoggles.smssync.preferences.PreferencesTest],[com.zegoggles.smssync.AppTest]
e754bf7286832b9265a0fbbcf1b41fc4cb490642,Move Method,MOVE_OPERATION,public getVersionName() : String,public getVersionName(context Context) : String,[com.zegoggles.smssync.preferences.Preferences],[com.zegoggles.smssync.App]
e754bf7286832b9265a0fbbcf1b41fc4cb490642,Move Method,MOVE_OPERATION,public getVersionCode() : int,public getVersionCode(context Context) : int,[com.zegoggles.smssync.preferences.Preferences],[com.zegoggles.smssync.App]
5c7a301ab790c0a3a86721f68a2b2d735e027ed2,Rename Method,RENAME_METHOD,public getVersion(code boolean) : String,public getVersionName() : String,[com.zegoggles.smssync.preferences.Preferences],[com.zegoggles.smssync.preferences.Preferences]
5c7a301ab790c0a3a86721f68a2b2d735e027ed2,Rename Method,RENAME_METHOD,public shouldGetVersion() : void,public shouldGetVersionName() : void,[com.zegoggles.smssync.preferences.PreferencesTest],[com.zegoggles.smssync.preferences.PreferencesTest]
5c7a301ab790c0a3a86721f68a2b2d735e027ed2,Move Attribute,MOVE_ATTRIBUTE,private SERVER_ADDRESS : String,private SERVER_ADDRESS : String,[com.zegoggles.smssync.preferences.ServerPreferences],[com.zegoggles.smssync.preferences.AuthPreferences]
5c7a301ab790c0a3a86721f68a2b2d735e027ed2,Move Attribute,MOVE_ATTRIBUTE,private SERVER_PROTOCOL : String,private SERVER_PROTOCOL : String,[com.zegoggles.smssync.preferences.ServerPreferences],[com.zegoggles.smssync.preferences.AuthPreferences]
5c7a301ab790c0a3a86721f68a2b2d735e027ed2,Move Method,MOVE_OPERATION,package getServerAddress() : String,private getServerAddress() : String,[com.zegoggles.smssync.preferences.ServerPreferences],[com.zegoggles.smssync.preferences.AuthPreferences]
5c7a301ab790c0a3a86721f68a2b2d735e027ed2,Move Method,MOVE_OPERATION,package getServerProtocol() : String,private getServerProtocol() : String,[com.zegoggles.smssync.preferences.ServerPreferences],[com.zegoggles.smssync.preferences.AuthPreferences]
5c7a301ab790c0a3a86721f68a2b2d735e027ed2,Move Method,MOVE_OPERATION,package isGmail() : boolean,private isGmail() : boolean,[com.zegoggles.smssync.preferences.ServerPreferences],[com.zegoggles.smssync.preferences.AuthPreferences]
51eb62279ef6ff39643eb4776316d40c5013fef2,Rename Method,RENAME_METHOD,private logNotFound(context Context) : Dialog,private logNotAvailable(context Context) : Dialog,[com.zegoggles.smssync.utils.AppLog],[com.zegoggles.smssync.utils.AppLog]
51eb62279ef6ff39643eb4776316d40c5013fef2,Extract Method,EXTRACT_OPERATION,"private AppLog(name String, format char[])",private rotateAsync(logFile File) : void,[com.zegoggles.smssync.utils.AppLog],[com.zegoggles.smssync.utils.AppLog]
51eb62279ef6ff39643eb4776316d40c5013fef2,Rename Variable,RENAME_VARIABLE,sView : ScrollView,scrollView : ScrollView,[com.zegoggles.smssync.utils.AppLog],[com.zegoggles.smssync.utils.AppLog]
d47e6d1646b4fa25110868820e6e0f938ed96094,Rename Method,RENAME_METHOD,public isServiceWorking() : boolean,public isServiceIdle() : boolean,[com.zegoggles.smssync.service.SmsRestoreService],[com.zegoggles.smssync.service.SmsRestoreService]
48792f0a3f7b0c13a39792257fbc489fb2c980bf,Rename Class,RENAME_CLASS,com.zegoggles.smssync.contacts.ContactAccessorPost20Test,com.zegoggles.smssync.contacts.ContactAccessorTest,[com.zegoggles.smssync.contacts.ContactAccessorPost20Test],[com.zegoggles.smssync.contacts.ContactAccessorTest]
48792f0a3f7b0c13a39792257fbc489fb2c980bf,Extract Variable,EXTRACT_VARIABLE,0,"groups : Map<Integer,Group>",[com.zegoggles.smssync.activity.fragments.AdvancedSettings.Backup],[com.zegoggles.smssync.activity.fragments.AdvancedSettings.Backup]
48792f0a3f7b0c13a39792257fbc489fb2c980bf,Change Attribute Type,CHANGE_ATTRIBUTE_TYPE,accessor : ContactAccessorPost20,accessor : ContactAccessor,[com.zegoggles.smssync.contacts.ContactAccessorPost20Test],[com.zegoggles.smssync.contacts.ContactAccessorTest]
48792f0a3f7b0c13a39792257fbc489fb2c980bf,Pull Up Method,PULL_UP_OPERATION,"public getGroupContactIds(resolver ContentResolver, group ContactGroup) : ContactGroupIds","public getGroupContactIds(resolver ContentResolver, group ContactGroup) : ContactGroupIds",[com.zegoggles.smssync.contacts.ContactAccessorPost20],[com.zegoggles.smssync.contacts.ContactAccessor]
48792f0a3f7b0c13a39792257fbc489fb2c980bf,Pull Up Method,PULL_UP_OPERATION,"public getGroups(resolver ContentResolver, resources Resources) : Map<Integer,Group>","public getGroups(resolver ContentResolver, resources Resources) : Map<Integer,Group>",[com.zegoggles.smssync.contacts.ContactAccessorPost20],[com.zegoggles.smssync.contacts.ContactAccessor]
72365624817aa5c72f04699a5cf533013450afd9,Rename Method,RENAME_METHOD,private authFailed() : void,private onAuthFailed() : void,[com.zegoggles.smssync.activity.StatusPreference],[com.zegoggles.smssync.activity.StatusPreference]
72365624817aa5c72f04699a5cf533013450afd9,Extract Method,EXTRACT_OPERATION,private finishedBackup(state BackupState) : void,"private getString(resourceId int, formatArgs Object...) : String",[com.zegoggles.smssync.activity.StatusPreference],[com.zegoggles.smssync.activity.StatusPreference]
72365624817aa5c72f04699a5cf533013450afd9,Change Variable Type,CHANGE_VARIABLE_TYPE,backedUpCount : int,formatArgs : Object...,[com.zegoggles.smssync.activity.StatusPreference],[com.zegoggles.smssync.activity.StatusPreference]
72365624817aa5c72f04699a5cf533013450afd9,Parameterize Variable,PARAMETERIZE_VARIABLE,backedUpCount : int,formatArgs : Object...,[com.zegoggles.smssync.activity.StatusPreference],[com.zegoggles.smssync.activity.StatusPreference]
72365624817aa5c72f04699a5cf533013450afd9,Extract Method,EXTRACT_OPERATION,private getLastSyncText(lastSync long) : String,"private getString(resourceId int, formatArgs Object...) : String",[com.zegoggles.smssync.activity.StatusPreference],[com.zegoggles.smssync.activity.StatusPreference]
72365624817aa5c72f04699a5cf533013450afd9,Extract Method,EXTRACT_OPERATION,private finishedRestore(newState RestoreState) : void,"private getQuantityString(resourceId int, quantity int, formatArgs Object...) : String",[com.zegoggles.smssync.activity.StatusPreference],[com.zegoggles.smssync.activity.StatusPreference]
72365624817aa5c72f04699a5cf533013450afd9,Rename Parameter,RENAME_PARAMETER,newState : RestoreState,newState : RestoreState,[com.zegoggles.smssync.activity.StatusPreference],[com.zegoggles.smssync.activity.StatusPreference]
72365624817aa5c72f04699a5cf533013450afd9,Extract Method,EXTRACT_OPERATION,public onCreate(savedInstanceState Bundle) : void,private checkAccounts() : void,[com.zegoggles.smssync.activity.auth.AccountManagerAuthActivity],[com.zegoggles.smssync.activity.auth.AccountManagerAuthActivity]
72365624817aa5c72f04699a5cf533013450afd9,Replace Variable With Attribute,REPLACE_VARIABLE_WITH_ATTRIBUTE,calendarPref : ListPreference,calendarPreference : ListPreference,[com.zegoggles.smssync.activity.fragments.AdvancedSettings.Backup.CallLog],[com.zegoggles.smssync.activity.fragments.AdvancedSettings.Backup.CallLog]
72365624817aa5c72f04699a5cf533013450afd9,Replace Variable With Attribute,REPLACE_VARIABLE_WITH_ATTRIBUTE,calendarPref : ListPreference,calendarPreference : ListPreference,[com.zegoggles.smssync.activity.fragments.AdvancedSettings.Backup.CallLog],[com.zegoggles.smssync.activity.fragments.AdvancedSettings.Backup.CallLog]
72365624817aa5c72f04699a5cf533013450afd9,Change Return Type,CHANGE_RETURN_TYPE,boolean,void,[com.zegoggles.smssync.preferences.Preferences],[com.zegoggles.smssync.preferences.Preferences]
72365624817aa5c72f04699a5cf533013450afd9,Change Return Type,CHANGE_RETURN_TYPE,boolean,void,[com.zegoggles.smssync.preferences.Preferences],[com.zegoggles.smssync.preferences.Preferences]
72365624817aa5c72f04699a5cf533013450afd9,Change Return Type,CHANGE_RETURN_TYPE,boolean,void,[com.zegoggles.smssync.preferences.Preferences],[com.zegoggles.smssync.preferences.Preferences]
72365624817aa5c72f04699a5cf533013450afd9,Rename Method,RENAME_METHOD,private checkConnectivity(backupType BackupType) : void,private legacyCheckConnectivity() : void,[com.zegoggles.smssync.service.SmsBackupService],[com.zegoggles.smssync.service.SmsBackupService]
72365624817aa5c72f04699a5cf533013450afd9,Inline Variable,INLINE_VARIABLE,n : Notification,0,[com.zegoggles.smssync.service.SmsBackupService],[com.zegoggles.smssync.service.SmsBackupService]
72365624817aa5c72f04699a5cf533013450afd9,Change Attribute Type,CHANGE_ATTRIBUTE_TYPE,sentNotifications : List<UserNotification>,sentNotifications : List<NotificationCompat.Builder>,[com.zegoggles.smssync.service.SmsBackupServiceTest],[com.zegoggles.smssync.service.SmsBackupServiceTest]
72365624817aa5c72f04699a5cf533013450afd9,Change Parameter Type,CHANGE_PARAMETER_TYPE,title : String,title : CharSequence,[com.zegoggles.smssync.service.SmsBackupServiceTest],[com.zegoggles.smssync.service.SmsBackupServiceTest]
72365624817aa5c72f04699a5cf533013450afd9,Change Parameter Type,CHANGE_PARAMETER_TYPE,message : String,message : CharSequence,[com.zegoggles.smssync.service.SmsBackupServiceTest],[com.zegoggles.smssync.service.SmsBackupServiceTest]
72365624817aa5c72f04699a5cf533013450afd9,Change Variable Type,CHANGE_VARIABLE_TYPE,u : UserNotification,u : NotificationCompat.Builder,[com.zegoggles.smssync.service.SmsBackupServiceTest],[com.zegoggles.smssync.service.SmsBackupServiceTest]
72365624817aa5c72f04699a5cf533013450afd9,Move Attribute,MOVE_ATTRIBUTE,package REQUEST_WEB_AUTH : int,package REQUEST_WEB_AUTH : int,[com.zegoggles.smssync.activity.Dialogs.WebConnect],[com.zegoggles.smssync.activity.MainActivity]
72365624817aa5c72f04699a5cf533013450afd9,Move Attribute,MOVE_ATTRIBUTE,package REQUEST_CHANGE_DEFAULT_SMS_PACKAGE : int,package REQUEST_CHANGE_DEFAULT_SMS_PACKAGE : int,[com.zegoggles.smssync.activity.Dialogs.SmsDefaultPackage],[com.zegoggles.smssync.activity.MainActivity]
c69fab0c1380758b923bcee140c8bcaeba85eb42,Extract Method,EXTRACT_OPERATION,package addPreferenceListener(prefKeys String...) : void,"package addPreferenceListener(event Object, prefKeys String...) : void",[com.zegoggles.smssync.activity.fragments.SMSBackupPreferenceFragment],[com.zegoggles.smssync.activity.fragments.SMSBackupPreferenceFragment]
c69fab0c1380758b923bcee140c8bcaeba85eb42,Extract Superclass,EXTRACT_SUPERCLASS,com.zegoggles.smssync.activity.MainActivity,com.zegoggles.smssync.activity.ThemeActivity,"[com.zegoggles.smssync.activity.MainActivity, com.zegoggles.smssync.activity.auth.AccountManagerAuthActivity, com.zegoggles.smssync.activity.donation.DonationActivity]",[com.zegoggles.smssync.activity.ThemeActivity]
0701ee19e9411454475ab51f67d8181212492b6c,Rename Parameter,RENAME_PARAMETER,rhs : Sku,other : Sku,[com.zegoggles.smssync.activity.donation.Sku],[com.zegoggles.smssync.activity.donation.Sku]
f5a8361a79df66aa235490c9042a4ae9ee414a05,Rename Class,RENAME_CLASS,com.zegoggles.smssync.contacts.ContactGroupdsTest,com.zegoggles.smssync.contacts.ContactGroupsTest,[com.zegoggles.smssync.contacts.ContactGroupdsTest],[com.zegoggles.smssync.contacts.ContactGroupsTest]
74a502351d8f6674bdd8fc2fc316944fd7f65611,Rename Method,RENAME_METHOD,public onDestroy() : void,public onStart() : void,[com.zegoggles.smssync.activity.fragments.MainSettings],[com.zegoggles.smssync.activity.fragments.MainSettings]
1615ce8f9b2dd8d5b4a6543da8cba82d795d59c7,Rename Method,RENAME_METHOD,protected onDestroy() : void,protected onStart() : void,[com.zegoggles.smssync.activity.MainActivity],[com.zegoggles.smssync.activity.MainActivity]
b8b3aa7d6f6006c4bdff79fccff29d2ccc2d82db,Rename Class,RENAME_CLASS,com.zegoggles.smssync.activity.Dialogs.AccessTokenError,com.zegoggles.smssync.activity.Dialogs.OAuth2AccessTokenError,[com.zegoggles.smssync.activity.Dialogs.AccessTokenError],[com.zegoggles.smssync.activity.Dialogs.OAuth2AccessTokenError]
b8b3aa7d6f6006c4bdff79fccff29d2ccc2d82db,Rename Attribute,RENAME_ATTRIBUTE,ECLAIR_CONTENT_URI : Uri,CONTENT_URI : Uri,[com.zegoggles.smssync.mail.MessageConverter],[com.zegoggles.smssync.mail.MessageConverter]
7bd671b0603771dc403497ff6660357b43de5ed0,Change Return Type,CHANGE_RETURN_TYPE,boolean,String,[com.zegoggles.smssync.utils.AppLog],[com.zegoggles.smssync.utils.AppLog]
7bd671b0603771dc403497ff6660357b43de5ed0,Extract Method,EXTRACT_OPERATION,"public displayAsDialog(name String, context Context) : Dialog","private getLogDialog(file File, context Context) : Dialog",[com.zegoggles.smssync.utils.AppLog],[com.zegoggles.smssync.utils.AppLog]
483ba4f613fc7c70e837618bb26c9c62d32754ef,Extract Method,EXTRACT_OPERATION,private updateAutoBackupPreferences() : void,private findAutoBackupPreference() : CheckBoxPreference,[com.zegoggles.smssync.activity.fragments.MainSettings],[com.zegoggles.smssync.activity.fragments.MainSettings]
fd350e4c3922e0c3c1efd105826ac5f7fa0579bc,Rename Method,RENAME_METHOD,public isEnableAutoSync() : boolean,public isAutoBackupEnabled() : boolean,[com.zegoggles.smssync.preferences.Preferences],[com.zegoggles.smssync.preferences.Preferences]
fd350e4c3922e0c3c1efd105826ac5f7fa0579bc,Rename Variable,RENAME_VARIABLE,autoSync : boolean,autoBackupEnabled : boolean,[com.zegoggles.smssync.receiver.SmsBroadcastReceiver],[com.zegoggles.smssync.receiver.SmsBroadcastReceiver]
fd350e4c3922e0c3c1efd105826ac5f7fa0579bc,Rename Method,RENAME_METHOD,public shouldNotScheduleIfAutoSyncIsDisabled() : void,public shouldNotScheduleIfAutoBackupIsDisabled() : void,[com.zegoggles.smssync.receiver.SmsBroadcastReceiverTest],[com.zegoggles.smssync.receiver.SmsBroadcastReceiverTest]
7f1a1d1ad62ef21a48f30a0d961a2391c1dc3b72,Rename Method,RENAME_METHOD,private updateAutoBackupPreference() : void,private updateAutoBackupPreferences() : void,[com.zegoggles.smssync.activity.fragments.MainSettings],[com.zegoggles.smssync.activity.fragments.MainSettings]
7f1a1d1ad62ef21a48f30a0d961a2391c1dc3b72,Inline Method,INLINE_OPERATION,private updateAutoBackupSettingsScreen() : void,private updateAutoBackupPreferences() : void,[com.zegoggles.smssync.activity.fragments.MainSettings],[com.zegoggles.smssync.activity.fragments.MainSettings]
7f1a1d1ad62ef21a48f30a0d961a2391c1dc3b72,Change Variable Type,CHANGE_VARIABLE_TYPE,preference : Preference,autoBackup : CheckBoxPreference,[com.zegoggles.smssync.activity.fragments.MainSettings],[com.zegoggles.smssync.activity.fragments.MainSettings]
7f1a1d1ad62ef21a48f30a0d961a2391c1dc3b72,Rename Variable,RENAME_VARIABLE,preference : Preference,autoBackup : CheckBoxPreference,[com.zegoggles.smssync.activity.fragments.MainSettings],[com.zegoggles.smssync.activity.fragments.MainSettings]
c1a834e45de934c62676ba425f6b68d802385f15,Rename Method,RENAME_METHOD,"public checkUserHasDonated(context Context, listener DonationStatusListener) : void","public checkUserDonationStatus(context Context, listener DonationStatusListener) : void",[com.zegoggles.smssync.activity.donation.DonationActivity],[com.zegoggles.smssync.activity.donation.DonationActivity]
c1a834e45de934c62676ba425f6b68d802385f15,Rename Method,RENAME_METHOD,public autoBackupSettingsChanged(event AutoBackupSettingsChangedEvent) : void,public onAutoBackupSettingsChanged(event AutoBackupSettingsChangedEvent) : void,[com.zegoggles.smssync.activity.fragments.MainSettings],[com.zegoggles.smssync.activity.fragments.MainSettings]
c1a834e45de934c62676ba425f6b68d802385f15,Rename Method,RENAME_METHOD,public settingsReset(event SettingsResetEvent) : void,public onSettingsReset(event SettingsResetEvent) : void,[com.zegoggles.smssync.activity.fragments.MainSettings],[com.zegoggles.smssync.activity.fragments.MainSettings]
0e58587a3500fc363cf8838183f79cad2f59e235,Change Variable Type,CHANGE_VARIABLE_TYPE,result : Purchase.PurchasesResult,result : PurchasesResult,[com.zegoggles.smssync.activity.donation.DonationActivity.checkUserHasDonated.startConnection],[com.zegoggles.smssync.activity.donation.DonationActivity.checkUserHasDonated.startConnection]
0e58587a3500fc363cf8838183f79cad2f59e235,Change Variable Type,CHANGE_VARIABLE_TYPE,result : Purchase.PurchasesResult,result : PurchasesResult,[com.zegoggles.smssync.activity.donation.DonationActivity],[com.zegoggles.smssync.activity.donation.DonationActivity]
7e86760767a23e47e8357c7017bd72e6d940effc,Rename Attribute,RENAME_ATTRIBUTE,ECLAIR_CONTENT_FILTER_URI : Uri,CONTENT_FILTER_URI : Uri,[com.zegoggles.smssync.mail.PersonLookup],[com.zegoggles.smssync.mail.PersonLookup]
e9e67b3e6a1866fc14508046f43020207dc7ed98,Change Variable Type,CHANGE_VARIABLE_TYPE,firstSyncListener : DialogInterface.OnClickListener,firstSyncListener : OnClickListener,[com.zegoggles.smssync.activity.Dialogs.FirstSync],[com.zegoggles.smssync.activity.Dialogs.FirstSync]
5d5210d8adb12c6f04cf9b31e788a82baa314441,Rename Class,RENAME_CLASS,com.zegoggles.smssync.activity.Dialogs.Connect,com.zegoggles.smssync.activity.Dialogs.WebConnect,[com.zegoggles.smssync.activity.Dialogs.Connect],[com.zegoggles.smssync.activity.Dialogs.WebConnect]
5d5210d8adb12c6f04cf9b31e788a82baa314441,Rename Class,RENAME_CLASS,com.zegoggles.smssync.activity.Dialogs.ConnectTokenError,com.zegoggles.smssync.activity.Dialogs.WebConnectTokenError,[com.zegoggles.smssync.activity.Dialogs.ConnectTokenError],[com.zegoggles.smssync.activity.Dialogs.WebConnectTokenError]
5d5210d8adb12c6f04cf9b31e788a82baa314441,Rename Class,RENAME_CLASS,com.zegoggles.smssync.activity.events.DisconnectAccountEvent,com.zegoggles.smssync.activity.events.AccountAddedEvent,[com.zegoggles.smssync.activity.events.DisconnectAccountEvent],[com.zegoggles.smssync.activity.events.AccountAddedEvent]
5d5210d8adb12c6f04cf9b31e788a82baa314441,Change Parameter Type,CHANGE_PARAMETER_TYPE,event : DisconnectAccountEvent,event : AccountRemovedEvent,[com.zegoggles.smssync.activity.fragments.MainSettings],[com.zegoggles.smssync.activity.fragments.MainSettings]
5d5210d8adb12c6f04cf9b31e788a82baa314441,Rename Method,RENAME_METHOD,public onDisconnectAccount(event DisconnectAccountEvent) : void,public onAccountRemoved(event AccountRemovedEvent) : void,[com.zegoggles.smssync.activity.fragments.MainSettings],[com.zegoggles.smssync.activity.fragments.MainSettings]
096676fb4dfb54deb97e9229a7a39d9086d4f21e,Rename Parameter,RENAME_PARAMETER,v : View,which : View,[com.zegoggles.smssync.activity.StatusPreference],[com.zegoggles.smssync.activity.StatusPreference]
096676fb4dfb54deb97e9229a7a39d9086d4f21e,Extract Method,EXTRACT_OPERATION,public onClick(v View) : void,private onBackup() : void,[com.zegoggles.smssync.activity.StatusPreference],[com.zegoggles.smssync.activity.StatusPreference]
096676fb4dfb54deb97e9229a7a39d9086d4f21e,Extract Method,EXTRACT_OPERATION,public onClick(v View) : void,private onRestore() : void,[com.zegoggles.smssync.activity.StatusPreference],[com.zegoggles.smssync.activity.StatusPreference]
8c35a43303472c1a3b954147c66b799f4bd78e30,Rename Method,RENAME_METHOD,private updateAutoBackupEnabledSummary() : void,private updateAutoBackupPreference() : void,[com.zegoggles.smssync.activity.fragments.MainSettings],[com.zegoggles.smssync.activity.fragments.MainSettings]
8c35a43303472c1a3b954147c66b799f4bd78e30,Rename Method,RENAME_METHOD,private updateAutoBackupScheduleSummary() : void,private updateAutoBackupSettingsScreen() : void,[com.zegoggles.smssync.activity.fragments.MainSettings],[com.zegoggles.smssync.activity.fragments.MainSettings]
8c35a43303472c1a3b954147c66b799f4bd78e30,Extract Variable,EXTRACT_VARIABLE,0,preference : Preference,[com.zegoggles.smssync.activity.fragments.MainSettings],[com.zegoggles.smssync.activity.fragments.MainSettings]
8c35a43303472c1a3b954147c66b799f4bd78e30,Extract Variable,EXTRACT_VARIABLE,0,preference : Preference,[com.zegoggles.smssync.activity.fragments.MainSettings],[com.zegoggles.smssync.activity.fragments.MainSettings]
3672e9a1287432d6bd52d44358e6b1ff09e37f3f,Replace Variable With Attribute,REPLACE_VARIABLE_WITH_ATTRIBUTE,changeIntent : Intent,changeDefaultPackageIntent : Intent,[com.zegoggles.smssync.activity.MainActivity],[com.zegoggles.smssync.activity.MainActivity]
5d138ec4e9e30a478e89612501dbd582e24cef8e,Rename Attribute,RENAME_ATTRIBUTE,LOGIN_PASSWORD : String,IMAP_PASSWORD : String,[com.zegoggles.smssync.preferences.AuthPreferences],[com.zegoggles.smssync.preferences.AuthPreferences]
5d138ec4e9e30a478e89612501dbd582e24cef8e,Rename Attribute,RENAME_ATTRIBUTE,LOGIN_USER : String,IMAP_USER : String,[com.zegoggles.smssync.preferences.AuthPreferences],[com.zegoggles.smssync.preferences.AuthPreferences]
c44ccb8b4004da0033062f08dec0162bce91baa0,Rename Class,RENAME_CLASS,com.zegoggles.smssync.activity.Dialogs.AccessToken,com.zegoggles.smssync.activity.Dialogs.OAuth2AccessTokenProgress,[com.zegoggles.smssync.activity.Dialogs.AccessToken],[com.zegoggles.smssync.activity.Dialogs.OAuth2AccessTokenProgress]
c44ccb8b4004da0033062f08dec0162bce91baa0,Extract Superclass,EXTRACT_SUPERCLASS,com.zegoggles.smssync.activity.Dialogs.OAuth2AccessTokenProgress,com.zegoggles.smssync.activity.Dialogs.AccessTokenProgress,[com.zegoggles.smssync.activity.Dialogs.OAuth2AccessTokenProgress],[com.zegoggles.smssync.activity.Dialogs.AccessTokenProgress]
c44ccb8b4004da0033062f08dec0162bce91baa0,Pull Up Method,PULL_UP_OPERATION,public onCreateDialog(savedInstanceState Bundle) : Dialog,public onCreateDialog(savedInstanceState Bundle) : Dialog,[com.zegoggles.smssync.activity.Dialogs.AccessToken],[com.zegoggles.smssync.activity.Dialogs.AccessTokenProgress]
042da9a9f382a1826b09c0a0150d383438f39396,Move Method,MOVE_OPERATION,public onDisconnectAccount(event DisconnectAccountEvent) : void,public onDisconnectAccount(event DisconnectAccountEvent) : void,[com.zegoggles.smssync.activity.MainActivity],[com.zegoggles.smssync.activity.fragments.MainSettings]
6895b664752596e3069bc8c3af72e37a9238e23c,Move Method,MOVE_OPERATION,private setupStrictMode() : void,private setupStrictMode() : void,[com.zegoggles.smssync.activity.MainActivity],[com.zegoggles.smssync.App]
4946e8da28fd53fd2903399e162900deb949776a,Rename Attribute,RENAME_ATTRIBUTE,idle : int,idleColor : int,[com.zegoggles.smssync.activity.StatusPreference],[com.zegoggles.smssync.activity.StatusPreference]
4946e8da28fd53fd2903399e162900deb949776a,Rename Attribute,RENAME_ATTRIBUTE,done : int,doneColor : int,[com.zegoggles.smssync.activity.StatusPreference],[com.zegoggles.smssync.activity.StatusPreference]
4946e8da28fd53fd2903399e162900deb949776a,Rename Attribute,RENAME_ATTRIBUTE,error : int,errorColor : int,[com.zegoggles.smssync.activity.StatusPreference],[com.zegoggles.smssync.activity.StatusPreference]
4946e8da28fd53fd2903399e162900deb949776a,Rename Attribute,RENAME_ATTRIBUTE,syncing : int,syncingColor : int,[com.zegoggles.smssync.activity.StatusPreference],[com.zegoggles.smssync.activity.StatusPreference]
4946e8da28fd53fd2903399e162900deb949776a,Rename Attribute,RENAME_ATTRIBUTE,mBackupButton : Button,backupButton : Button,[com.zegoggles.smssync.activity.StatusPreference],[com.zegoggles.smssync.activity.StatusPreference]
4946e8da28fd53fd2903399e162900deb949776a,Rename Attribute,RENAME_ATTRIBUTE,mRestoreButton : Button,restoreButton : Button,[com.zegoggles.smssync.activity.StatusPreference],[com.zegoggles.smssync.activity.StatusPreference]
4946e8da28fd53fd2903399e162900deb949776a,Rename Attribute,RENAME_ATTRIBUTE,mStatusIcon : ImageView,statusIcon : ImageView,[com.zegoggles.smssync.activity.StatusPreference],[com.zegoggles.smssync.activity.StatusPreference]
4946e8da28fd53fd2903399e162900deb949776a,Rename Attribute,RENAME_ATTRIBUTE,mStatusLabel : TextView,statusLabel : TextView,[com.zegoggles.smssync.activity.StatusPreference],[com.zegoggles.smssync.activity.StatusPreference]
4946e8da28fd53fd2903399e162900deb949776a,Rename Attribute,RENAME_ATTRIBUTE,mSyncDetailsLabel : TextView,syncDetailsLabel : TextView,[com.zegoggles.smssync.activity.StatusPreference],[com.zegoggles.smssync.activity.StatusPreference]
4946e8da28fd53fd2903399e162900deb949776a,Rename Attribute,RENAME_ATTRIBUTE,mProgressBar : ProgressBar,progressBar : ProgressBar,[com.zegoggles.smssync.activity.StatusPreference],[com.zegoggles.smssync.activity.StatusPreference]
981c81a66941f36003ab803c2c784101b872187b,Move And Rename Class,MOVE_RENAME_CLASS,com.zegoggles.smssync.activity.donation.TestSkus,com.zegoggles.smssync.activity.donation.Sku.Test,[com.zegoggles.smssync.activity.donation.TestSkus],[com.zegoggles.smssync.activity.donation.Sku.Test]
981c81a66941f36003ab803c2c784101b872187b,Move And Rename Class,MOVE_RENAME_CLASS,com.zegoggles.smssync.activity.donation.TestSkus.TestSku,com.zegoggles.smssync.activity.donation.Sku,[com.zegoggles.smssync.activity.donation.TestSkus.TestSku],[com.zegoggles.smssync.activity.donation.Sku]
981c81a66941f36003ab803c2c784101b872187b,Change Attribute Type,CHANGE_ATTRIBUTE_TYPE,PURCHASED : TestSku,PURCHASED : Sku,[com.zegoggles.smssync.activity.donation.TestSkus],[com.zegoggles.smssync.activity.donation.Sku.Test]
981c81a66941f36003ab803c2c784101b872187b,Change Attribute Type,CHANGE_ATTRIBUTE_TYPE,CANCELED : TestSku,CANCELED : Sku,[com.zegoggles.smssync.activity.donation.TestSkus],[com.zegoggles.smssync.activity.donation.Sku.Test]
981c81a66941f36003ab803c2c784101b872187b,Change Attribute Type,CHANGE_ATTRIBUTE_TYPE,REFUNDED : TestSku,REFUNDED : Sku,[com.zegoggles.smssync.activity.donation.TestSkus],[com.zegoggles.smssync.activity.donation.Sku.Test]
981c81a66941f36003ab803c2c784101b872187b,Change Attribute Type,CHANGE_ATTRIBUTE_TYPE,UNAVAILABLE : TestSku,UNAVAILABLE : Sku,[com.zegoggles.smssync.activity.donation.TestSkus],[com.zegoggles.smssync.activity.donation.Sku.Test]
981c81a66941f36003ab803c2c784101b872187b,Change Attribute Type,CHANGE_ATTRIBUTE_TYPE,SKUS : TestSku[],SKUS : Sku[],[com.zegoggles.smssync.activity.donation.TestSkus],[com.zegoggles.smssync.activity.donation.Sku.Test]
a38ce35b995cef55290e894a79c5677cdb610072,Change Parameter Type,CHANGE_PARAMETER_TYPE,event : AccountConnectedEvent,event : AccountConnectionChangedEvent,[com.zegoggles.smssync.activity.MainActivity],[com.zegoggles.smssync.activity.MainActivity]
931ac21b038b7e082fede0436616a77975bd5150,Rename Class,RENAME_CLASS,com.zegoggles.smssync.activity.events.ConnectEvent,com.zegoggles.smssync.activity.events.AccountConnectedEvent,[com.zegoggles.smssync.activity.events.ConnectEvent],[com.zegoggles.smssync.activity.events.AccountConnectedEvent]
931ac21b038b7e082fede0436616a77975bd5150,Rename Variable,RENAME_VARIABLE,acc : ProgressDialog,progress : ProgressDialog,[com.zegoggles.smssync.activity.Dialogs.AccessToken],[com.zegoggles.smssync.activity.Dialogs.AccessToken]
931ac21b038b7e082fede0436616a77975bd5150,Change Parameter Type,CHANGE_PARAMETER_TYPE,event : ConnectEvent,event : AccountConnectedEvent,[com.zegoggles.smssync.activity.MainActivity],[com.zegoggles.smssync.activity.MainActivity]
931ac21b038b7e082fede0436616a77975bd5150,Extract Method,EXTRACT_OPERATION,public onCreateDialog(savedInstanceState Bundle) : Dialog,private getNames(accounts Account[]) : String[],[com.zegoggles.smssync.activity.auth.AccountManagerAuthActivity.AccountDialogs],[com.zegoggles.smssync.activity.auth.AccountManagerAuthActivity.AccountDialogs]
931ac21b038b7e082fede0436616a77975bd5150,Move Attribute,MOVE_ATTRIBUTE,private REQUEST_WEB_AUTH : int,package REQUEST_WEB_AUTH : int,[com.zegoggles.smssync.activity.MainActivity],[com.zegoggles.smssync.activity.Dialogs.Connect]
14737013324144ec402332870fd610c50740a8cf,Rename Attribute,RENAME_ATTRIBUTE,ACTION_FALLBACKAUTH : String,ACTION_FALLBACK_AUTH : String,[com.zegoggles.smssync.activity.auth.AccountManagerAuthActivity],[com.zegoggles.smssync.activity.auth.AccountManagerAuthActivity]
4f835e45e40d3c6445a5d0f02131b405086b8f37,Rename Method,RENAME_METHOD,public onStart() : void,public onResume() : void,[com.zegoggles.smssync.activity.fragments.AdvancedSettings.Restore],[com.zegoggles.smssync.activity.fragments.AdvancedSettings.Restore]
4f835e45e40d3c6445a5d0f02131b405086b8f37,Rename Method,RENAME_METHOD,public onStart() : void,public onResume() : void,[com.zegoggles.smssync.activity.fragments.AdvancedSettings.Server],[com.zegoggles.smssync.activity.fragments.AdvancedSettings.Server]
4f835e45e40d3c6445a5d0f02131b405086b8f37,Move Method,MOVE_OPERATION,private initGroups() : void,private initGroups() : void,[com.zegoggles.smssync.activity.fragments.AdvancedSettings.Backup.CallLog],[com.zegoggles.smssync.activity.fragments.AdvancedSettings.Backup]
c256f6c3232bda59490de2960db67cb3c7f02791,Inline Method,INLINE_OPERATION,"private createFragment(fragment Fragment, rootKey String) : void","public onPreferenceStartFragment(caller PreferenceFragmentCompat, preference Preference) : boolean",[com.zegoggles.smssync.activity.MainActivity],[com.zegoggles.smssync.activity.MainActivity]
a6d48789088d1b19e4b4651ac237cd2e8b5b8813,Rename Parameter,RENAME_PARAMETER,pref : Preference,preference : Preference,[com.zegoggles.smssync.activity.MainActivity],[com.zegoggles.smssync.activity.MainActivity]
c684da45639deb90e639deba2d4f6728b2f3a557,Move Class,MOVE_CLASS,com.zegoggles.smssync.activity.AutoBackupSettingsChangedEvent,com.zegoggles.smssync.activity.events.AutoBackupSettingsChangedEvent,[com.zegoggles.smssync.activity.AutoBackupSettingsChangedEvent],[com.zegoggles.smssync.activity.events.AutoBackupSettingsChangedEvent]
c684da45639deb90e639deba2d4f6728b2f3a557,Inline Method,INLINE_OPERATION,private setPreferenceListeners() : void,public onCreate(bundle Bundle) : void,[com.zegoggles.smssync.activity.MainActivity],[com.zegoggles.smssync.activity.MainActivity]
c684da45639deb90e639deba2d4f6728b2f3a557,Extract Class,EXTRACT_CLASS,com.zegoggles.smssync.activity.MainActivity,com.zegoggles.smssync.activity.fragments.AdvancedSettings,[com.zegoggles.smssync.activity.MainActivity],[com.zegoggles.smssync.activity.fragments.AdvancedSettings]
c684da45639deb90e639deba2d4f6728b2f3a557,Extract Class,EXTRACT_CLASS,com.zegoggles.smssync.activity.MainActivity,com.zegoggles.smssync.activity.fragments.AdvancedSettings.Backup,[com.zegoggles.smssync.activity.MainActivity],[com.zegoggles.smssync.activity.fragments.AdvancedSettings.Backup]
c684da45639deb90e639deba2d4f6728b2f3a557,Extract Class,EXTRACT_CLASS,com.zegoggles.smssync.activity.MainActivity,com.zegoggles.smssync.activity.fragments.AdvancedSettings.Backup.CallLog,[com.zegoggles.smssync.activity.MainActivity],[com.zegoggles.smssync.activity.fragments.AdvancedSettings.Backup.CallLog]
c684da45639deb90e639deba2d4f6728b2f3a557,Extract Class,EXTRACT_CLASS,com.zegoggles.smssync.activity.MainActivity,com.zegoggles.smssync.activity.fragments.AdvancedSettings.Server,[com.zegoggles.smssync.activity.MainActivity],[com.zegoggles.smssync.activity.fragments.AdvancedSettings.Server]
c684da45639deb90e639deba2d4f6728b2f3a557,Extract Class,EXTRACT_CLASS,com.zegoggles.smssync.activity.MainActivity,com.zegoggles.smssync.activity.fragments.MainSettings,[com.zegoggles.smssync.activity.MainActivity],[com.zegoggles.smssync.activity.fragments.MainSettings]
c684da45639deb90e639deba2d4f6728b2f3a557,Move Attribute,MOVE_ATTRIBUTE,private handler : Handler,private handler : Handler,[com.zegoggles.smssync.activity.MainActivity],[com.zegoggles.smssync.activity.fragments.SMSBackupPreferenceFragment]
c684da45639deb90e639deba2d4f6728b2f3a557,Move Method,MOVE_OPERATION,"private updateMaxItems(prefKey String, currentValue int, newValue String) : void","package updateMaxItems(prefKey String, currentValue int, newValue String) : void",[com.zegoggles.smssync.activity.MainActivity],[com.zegoggles.smssync.activity.fragments.AdvancedSettings]
c684da45639deb90e639deba2d4f6728b2f3a557,Move Method,MOVE_OPERATION,"private checkValidImapFolder(preference Preference, imapFolder String) : boolean","package checkValidImapFolder(preference Preference, imapFolder String) : boolean",[com.zegoggles.smssync.activity.MainActivity],[com.zegoggles.smssync.activity.fragments.AdvancedSettings]
c684da45639deb90e639deba2d4f6728b2f3a557,Move Method,MOVE_OPERATION,protected onResume() : void,public onResume() : void,[com.zegoggles.smssync.activity.MainActivity],[com.zegoggles.smssync.activity.fragments.AdvancedSettings.Backup]
c684da45639deb90e639deba2d4f6728b2f3a557,Move Method,MOVE_OPERATION,private updateImapFolderLabelFromPref() : void,private updateImapFolderLabelFromPref() : void,[com.zegoggles.smssync.activity.MainActivity],[com.zegoggles.smssync.activity.fragments.AdvancedSettings.Backup]
c684da45639deb90e639deba2d4f6728b2f3a557,Move Method,MOVE_OPERATION,private updateImapCallogFolderLabelFromPref() : void,private updateImapCallogFolderLabelFromPref() : void,[com.zegoggles.smssync.activity.MainActivity],[com.zegoggles.smssync.activity.fragments.AdvancedSettings.Backup]
c684da45639deb90e639deba2d4f6728b2f3a557,Move Method,MOVE_OPERATION,private updateMaxItemsPerSync(newValue String) : void,private updateMaxItemsPerSync(newValue String) : void,[com.zegoggles.smssync.activity.MainActivity],[com.zegoggles.smssync.activity.fragments.AdvancedSettings.Backup]
c684da45639deb90e639deba2d4f6728b2f3a557,Move Method,MOVE_OPERATION,private updateLastBackupTimes() : void,private updateLastBackupTimes() : void,[com.zegoggles.smssync.activity.MainActivity],[com.zegoggles.smssync.activity.fragments.AdvancedSettings.Backup]
c684da45639deb90e639deba2d4f6728b2f3a557,Move Method,MOVE_OPERATION,private getLastSyncText(lastSync long) : String,private getLastSyncText(lastSync long) : String,[com.zegoggles.smssync.activity.MainActivity],[com.zegoggles.smssync.activity.fragments.AdvancedSettings.Backup]
c684da45639deb90e639deba2d4f6728b2f3a557,Move Method,MOVE_OPERATION,private updateBackupContactGroupLabelFromPref() : void,private updateBackupContactGroupLabelFromPref() : void,[com.zegoggles.smssync.activity.MainActivity],[com.zegoggles.smssync.activity.fragments.AdvancedSettings.Backup]
c684da45639deb90e639deba2d4f6728b2f3a557,Move Method,MOVE_OPERATION,private updateCallLogCalendarLabelFromPref() : void,private updateCallLogCalendarLabelFromPref() : void,[com.zegoggles.smssync.activity.MainActivity],[com.zegoggles.smssync.activity.fragments.AdvancedSettings.Backup.CallLog]
c684da45639deb90e639deba2d4f6728b2f3a557,Move Method,MOVE_OPERATION,private initGroups() : void,private initGroups() : void,[com.zegoggles.smssync.activity.MainActivity],[com.zegoggles.smssync.activity.fragments.AdvancedSettings.Backup.CallLog]
c684da45639deb90e639deba2d4f6728b2f3a557,Move Method,MOVE_OPERATION,private initCalendars() : void,private initCalendars() : void,[com.zegoggles.smssync.activity.MainActivity],[com.zegoggles.smssync.activity.fragments.AdvancedSettings.Backup.CallLog]
c684da45639deb90e639deba2d4f6728b2f3a557,Move Method,MOVE_OPERATION,private updateImapSettings(enabled boolean) : void,private updateImapSettings(enabled boolean) : void,[com.zegoggles.smssync.activity.MainActivity],[com.zegoggles.smssync.activity.fragments.AdvancedSettings.Server]
c684da45639deb90e639deba2d4f6728b2f3a557,Move Method,MOVE_OPERATION,private updateUsernameLabel(username String) : void,private updateUsernameLabel(username String) : void,[com.zegoggles.smssync.activity.MainActivity],[com.zegoggles.smssync.activity.fragments.AdvancedSettings.Server]
c684da45639deb90e639deba2d4f6728b2f3a557,Move Method,MOVE_OPERATION,public autoBackupSettingsChanged(event AutoBackupSettingsChangedEvent) : void,public autoBackupSettingsChanged(event AutoBackupSettingsChangedEvent) : void,[com.zegoggles.smssync.activity.MainActivity],[com.zegoggles.smssync.activity.fragments.MainSettings]
c684da45639deb90e639deba2d4f6728b2f3a557,Move Method,MOVE_OPERATION,private updateConnected() : CheckBoxPreference,private updateConnected() : CheckBoxPreference,[com.zegoggles.smssync.activity.MainActivity],[com.zegoggles.smssync.activity.fragments.MainSettings]
c684da45639deb90e639deba2d4f6728b2f3a557,Extract Method,EXTRACT_OPERATION,private updateConnected() : CheckBoxPreference,private getConnectedSummary(connected CheckBoxPreference) : String,[com.zegoggles.smssync.activity.MainActivity],[com.zegoggles.smssync.activity.fragments.MainSettings]
c684da45639deb90e639deba2d4f6728b2f3a557,Move Method,MOVE_OPERATION,private updateAutoBackupEnabledSummary() : void,private updateAutoBackupEnabledSummary() : void,[com.zegoggles.smssync.activity.MainActivity],[com.zegoggles.smssync.activity.fragments.MainSettings]
c684da45639deb90e639deba2d4f6728b2f3a557,Move Method,MOVE_OPERATION,private updateAutoBackupScheduleSummary() : void,private updateAutoBackupScheduleSummary() : void,[com.zegoggles.smssync.activity.MainActivity],[com.zegoggles.smssync.activity.fragments.MainSettings]
c684da45639deb90e639deba2d4f6728b2f3a557,Move Method,MOVE_OPERATION,package summarizeAutoBackupSettings() : String,private summarizeAutoBackupSettings() : String,[com.zegoggles.smssync.activity.MainActivity],[com.zegoggles.smssync.activity.fragments.MainSettings]
c684da45639deb90e639deba2d4f6728b2f3a557,Move Method,MOVE_OPERATION,private summarizeBackupScheduleSettings() : String,private summarizeBackupScheduleSettings() : String,[com.zegoggles.smssync.activity.MainActivity],[com.zegoggles.smssync.activity.fragments.MainSettings]
c684da45639deb90e639deba2d4f6728b2f3a557,Move Method,MOVE_OPERATION,private getConnectivityManager() : ConnectivityManager,private getConnectivityManager() : ConnectivityManager,[com.zegoggles.smssync.activity.MainActivity],[com.zegoggles.smssync.activity.fragments.MainSettings]
c684da45639deb90e639deba2d4f6728b2f3a557,Move Method,MOVE_OPERATION,private checkUserDonationStatus() : void,private checkUserDonationStatus() : void,[com.zegoggles.smssync.activity.MainActivity],[com.zegoggles.smssync.activity.fragments.MainSettings]
c684da45639deb90e639deba2d4f6728b2f3a557,Move Method,MOVE_OPERATION,"private addPreferenceListener(event Object, prefKeys String...) : void",package addPreferenceListener(prefKeys String...) : void,[com.zegoggles.smssync.activity.MainActivity],[com.zegoggles.smssync.activity.fragments.SMSBackupPreferenceFragment]
c684da45639deb90e639deba2d4f6728b2f3a557,Move Method,MOVE_OPERATION,private checkGCM() : void,private checkGCM() : void,[com.zegoggles.smssync.activity.MainActivity],[com.zegoggles.smssync.activity.fragments.AutoBackupSettings]
c684da45639deb90e639deba2d4f6728b2f3a557,Move Method,MOVE_OPERATION,private updateMaxItemsPerRestore(newValue String) : void,private updateMaxItemsPerRestore(newValue String) : void,[com.zegoggles.smssync.activity.MainActivity],[com.zegoggles.smssync.activity.fragments.AdvancedSettings.Restore]
e4009c83471bc3f54275ed7c0a55d0ed1c42b901,Inline Variable,INLINE_VARIABLE,inflater : MenuInflater,0,[com.zegoggles.smssync.activity.MainActivity],[com.zegoggles.smssync.activity.MainActivity]
5219ff42f24d822f79937f80b7dcdb3b829f13e0,Change Variable Type,CHANGE_VARIABLE_TYPE,inflater : android.view.MenuInflater,inflater : MenuInflater,[com.zegoggles.smssync.activity.MainActivity],[com.zegoggles.smssync.activity.MainActivity]
7dc38601b786a15ad0be6bd52f7c01521c10cadb,Rename Method,RENAME_METHOD,public testMessageToContentValuesWithUnknownMessageTypeGetParsedAsSMS() : void,public testMessageToContentValuesWithUnknownMessageTypeThrowsException() : void,[com.zegoggles.smssync.mail.MessageConverterTest],[com.zegoggles.smssync.mail.MessageConverterTest]
2f7fc4a5dbc5294ddd71f1cc57234537821523e0,Extract Method,EXTRACT_OPERATION,public onCreate() : void,public register(listener Object) : void,[com.zegoggles.smssync.App],[com.zegoggles.smssync.App]
2f7fc4a5dbc5294ddd71f1cc57234537821523e0,Extract And Move Method,EXTRACT_AND_MOVE_OPERATION,public onClick(v View) : void,public post(event Object) : void,[com.zegoggles.smssync.activity.StatusPreference],[com.zegoggles.smssync.activity.StatusPreference]
2f7fc4a5dbc5294ddd71f1cc57234537821523e0,Extract And Move Method,EXTRACT_AND_MOVE_OPERATION,private handleRedirectIntent(intent Intent) : void,public post(event Object) : void,[com.zegoggles.smssync.activity.auth.RedirectReceiverActivity],[com.zegoggles.smssync.activity.auth.RedirectReceiverActivity]
2f7fc4a5dbc5294ddd71f1cc57234537821523e0,Extract And Move Method,EXTRACT_AND_MOVE_OPERATION,"public onReceive(context Context, intent Intent) : void",public post(event Object) : void,[com.zegoggles.smssync.receiver.PackageReplacedReceiver],[com.zegoggles.smssync.receiver.PackageReplacedReceiver]
2f7fc4a5dbc5294ddd71f1cc57234537821523e0,Extract And Move Method,EXTRACT_AND_MOVE_OPERATION,private post(state BackupState) : void,public post(event Object) : void,[com.zegoggles.smssync.service.BackupTask],[com.zegoggles.smssync.service.BackupTask]
2f7fc4a5dbc5294ddd71f1cc57234537821523e0,Extract And Move Method,EXTRACT_AND_MOVE_OPERATION,private post(changed RestoreState) : void,public post(event Object) : void,[com.zegoggles.smssync.service.RestoreTask],[com.zegoggles.smssync.service.RestoreTask]
2f7fc4a5dbc5294ddd71f1cc57234537821523e0,Extract And Move Method,EXTRACT_AND_MOVE_OPERATION,private moveToState(state BackupState) : void,public post(event Object) : void,[com.zegoggles.smssync.service.SmsBackupService],[com.zegoggles.smssync.service.SmsBackupService]
2f7fc4a5dbc5294ddd71f1cc57234537821523e0,Extract And Move Method,EXTRACT_AND_MOVE_OPERATION,public onStopJob(jobParameters JobParameters) : boolean,public post(event Object) : void,[com.zegoggles.smssync.service.SmsJobService],[com.zegoggles.smssync.service.SmsJobService]
2f7fc4a5dbc5294ddd71f1cc57234537821523e0,Extract And Move Method,EXTRACT_AND_MOVE_OPERATION,private postError(exception Exception) : void,public post(event Object) : void,[com.zegoggles.smssync.service.SmsRestoreService],[com.zegoggles.smssync.service.SmsRestoreService]
2f7fc4a5dbc5294ddd71f1cc57234537821523e0,Extract And Move Method,EXTRACT_AND_MOVE_OPERATION,protected onPostExecute(token OAuth2Token) : void,public post(event Object) : void,[com.zegoggles.smssync.tasks.OAuth2CallbackTask],[com.zegoggles.smssync.tasks.OAuth2CallbackTask]
2f7fc4a5dbc5294ddd71f1cc57234537821523e0,Extract And Move Method,EXTRACT_AND_MOVE_OPERATION,protected onPause() : void,public unregister(listener Object) : void,[com.zegoggles.smssync.activity.MainActivity],[com.zegoggles.smssync.activity.MainActivity]
2f7fc4a5dbc5294ddd71f1cc57234537821523e0,Extract And Move Method,EXTRACT_AND_MOVE_OPERATION,protected onDestroy() : void,public unregister(listener Object) : void,[com.zegoggles.smssync.activity.MainActivity],[com.zegoggles.smssync.activity.MainActivity]
2f7fc4a5dbc5294ddd71f1cc57234537821523e0,Extract And Move Method,EXTRACT_AND_MOVE_OPERATION,protected onDestroy() : void,public unregister(listener Object) : void,[com.zegoggles.smssync.activity.auth.OAuth2WebAuthActivity],[com.zegoggles.smssync.activity.auth.OAuth2WebAuthActivity]
2f7fc4a5dbc5294ddd71f1cc57234537821523e0,Extract And Move Method,EXTRACT_AND_MOVE_OPERATION,protected onPostExecute(result BackupState) : void,public unregister(listener Object) : void,[com.zegoggles.smssync.service.BackupTask],[com.zegoggles.smssync.service.BackupTask]
2f7fc4a5dbc5294ddd71f1cc57234537821523e0,Extract And Move Method,EXTRACT_AND_MOVE_OPERATION,protected onCancelled() : void,public unregister(listener Object) : void,[com.zegoggles.smssync.service.BackupTask],[com.zegoggles.smssync.service.BackupTask]
2f7fc4a5dbc5294ddd71f1cc57234537821523e0,Extract And Move Method,EXTRACT_AND_MOVE_OPERATION,protected onPostExecute(result RestoreState) : void,public unregister(listener Object) : void,[com.zegoggles.smssync.service.RestoreTask],[com.zegoggles.smssync.service.RestoreTask]
2f7fc4a5dbc5294ddd71f1cc57234537821523e0,Extract And Move Method,EXTRACT_AND_MOVE_OPERATION,protected onCancelled() : void,public unregister(listener Object) : void,[com.zegoggles.smssync.service.RestoreTask],[com.zegoggles.smssync.service.RestoreTask]
2f7fc4a5dbc5294ddd71f1cc57234537821523e0,Extract And Move Method,EXTRACT_AND_MOVE_OPERATION,public onDestroy() : void,public unregister(listener Object) : void,[com.zegoggles.smssync.service.ServiceBase],[com.zegoggles.smssync.service.ServiceBase]
2f7fc4a5dbc5294ddd71f1cc57234537821523e0,Extract And Move Method,EXTRACT_AND_MOVE_OPERATION,public onDestroy() : void,public unregister(listener Object) : void,[com.zegoggles.smssync.service.SmsJobService],[com.zegoggles.smssync.service.SmsJobService]
2f7fc4a5dbc5294ddd71f1cc57234537821523e0,Extract And Move Method,EXTRACT_AND_MOVE_OPERATION,public onCreate(bundle Bundle) : void,public register(listener Object) : void,[com.zegoggles.smssync.activity.MainActivity],[com.zegoggles.smssync.activity.MainActivity]
2f7fc4a5dbc5294ddd71f1cc57234537821523e0,Extract And Move Method,EXTRACT_AND_MOVE_OPERATION,protected onResume() : void,public register(listener Object) : void,[com.zegoggles.smssync.activity.MainActivity],[com.zegoggles.smssync.activity.MainActivity]
2f7fc4a5dbc5294ddd71f1cc57234537821523e0,Extract And Move Method,EXTRACT_AND_MOVE_OPERATION,public onCreate(bundle Bundle) : void,public register(listener Object) : void,[com.zegoggles.smssync.activity.auth.OAuth2WebAuthActivity],[com.zegoggles.smssync.activity.auth.OAuth2WebAuthActivity]
2f7fc4a5dbc5294ddd71f1cc57234537821523e0,Extract And Move Method,EXTRACT_AND_MOVE_OPERATION,protected onPreExecute() : void,public register(listener Object) : void,[com.zegoggles.smssync.service.BackupTask],[com.zegoggles.smssync.service.BackupTask]
2f7fc4a5dbc5294ddd71f1cc57234537821523e0,Extract And Move Method,EXTRACT_AND_MOVE_OPERATION,protected onPreExecute() : void,public register(listener Object) : void,[com.zegoggles.smssync.service.RestoreTask],[com.zegoggles.smssync.service.RestoreTask]
2f7fc4a5dbc5294ddd71f1cc57234537821523e0,Extract And Move Method,EXTRACT_AND_MOVE_OPERATION,public onCreate() : void,public register(listener Object) : void,[com.zegoggles.smssync.service.ServiceBase],[com.zegoggles.smssync.service.ServiceBase]
2f7fc4a5dbc5294ddd71f1cc57234537821523e0,Extract And Move Method,EXTRACT_AND_MOVE_OPERATION,public onCreate() : void,public register(listener Object) : void,[com.zegoggles.smssync.service.SmsJobService],[com.zegoggles.smssync.service.SmsJobService]
