DesignRole,Classe,Método,LOC,CC,Efferent,NOP,Cohesion,InitialChar,File
ENTITY,com.twitter.pojo.Users,getUrealname,3,1,1,0,0,982,D:\Projetos\_Web\mytwitter\src\com\twitter\pojo\Users.java
ENTITY,com.twitter.pojo.Users,setUpwd,3,1,2,1,0,918,D:\Projetos\_Web\mytwitter\src\com\twitter\pojo\Users.java
ENTITY,com.twitter.pojo.Users,getUstate,3,1,1,0,0,400,D:\Projetos\_Web\mytwitter\src\com\twitter\pojo\Users.java
ENTITY,com.twitter.pojo.Users,setUid,3,1,2,1,0,691,D:\Projetos\_Web\mytwitter\src\com\twitter\pojo\Users.java
ENTITY,com.twitter.pojo.Users,setUstate,3,1,2,1,0,451,D:\Projetos\_Web\mytwitter\src\com\twitter\pojo\Users.java
ENTITY,com.twitter.pojo.Users,setUonline,3,1,2,1,0,327,D:\Projetos\_Web\mytwitter\src\com\twitter\pojo\Users.java
ENTITY,com.twitter.pojo.Users,getUtime,3,1,1,0,0,520,D:\Projetos\_Web\mytwitter\src\com\twitter\pojo\Users.java
ENTITY,com.twitter.pojo.Users,getUpwd,3,1,1,0,0,868,D:\Projetos\_Web\mytwitter\src\com\twitter\pojo\Users.java
ENTITY,com.twitter.pojo.Users,getUname,3,1,1,0,0,748,D:\Projetos\_Web\mytwitter\src\com\twitter\pojo\Users.java
ENTITY,com.twitter.pojo.Users,setUaite,3,1,2,1,0,1178,D:\Projetos\_Web\mytwitter\src\com\twitter\pojo\Users.java
ENTITY,com.twitter.pojo.Users,getUid,3,1,1,0,0,646,D:\Projetos\_Web\mytwitter\src\com\twitter\pojo\Users.java
ENTITY,com.twitter.pojo.Users,getUonline,3,1,1,0,0,274,D:\Projetos\_Web\mytwitter\src\com\twitter\pojo\Users.java
ENTITY,com.twitter.pojo.Users,setUrealname,3,1,2,1,0,1042,D:\Projetos\_Web\mytwitter\src\com\twitter\pojo\Users.java
ENTITY,com.twitter.pojo.Users,setUname,3,1,2,1,0,800,D:\Projetos\_Web\mytwitter\src\com\twitter\pojo\Users.java
ENTITY,com.twitter.pojo.Users,getUaite,3,1,1,0,0,1126,D:\Projetos\_Web\mytwitter\src\com\twitter\pojo\Users.java
ENTITY,com.twitter.pojo.Users,setUtime,3,1,2,1,0,575,D:\Projetos\_Web\mytwitter\src\com\twitter\pojo\Users.java
UNDEFINED,com.twitter.util.Md5Util,getMd5,21,5,7,1,0,141,D:\Projetos\_Web\mytwitter\src\com\twitter\util\Md5Util.java
UNDEFINED,com.twitter.dao.AdloginDao,updateSignin,5,1,4,2,0,705,D:\Projetos\_Web\mytwitter\src\com\twitter\dao\AdloginDao.java
UNDEFINED,com.twitter.dao.AdloginDao,addUp,5,1,4,2,0,212,D:\Projetos\_Web\mytwitter\src\com\twitter\dao\AdloginDao.java
UNDEFINED,com.twitter.dao.AdloginDao,selSignal,8,2,6,2,0,409,D:\Projetos\_Web\mytwitter\src\com\twitter\dao\AdloginDao.java
ENTITY,com.twitter.pojo.Admins,setApwd,3,1,2,1,0,494,D:\Projetos\_Web\mytwitter\src\com\twitter\pojo\Admins.java
ENTITY,com.twitter.pojo.Admins,setAtime,3,1,2,1,0,613,D:\Projetos\_Web\mytwitter\src\com\twitter\pojo\Admins.java
ENTITY,com.twitter.pojo.Admins,getAname,3,1,1,0,0,324,D:\Projetos\_Web\mytwitter\src\com\twitter\pojo\Admins.java
ENTITY,com.twitter.pojo.Admins,setAid,3,1,2,1,0,267,D:\Projetos\_Web\mytwitter\src\com\twitter\pojo\Admins.java
ENTITY,com.twitter.pojo.Admins,getAtime,3,1,1,0,0,558,D:\Projetos\_Web\mytwitter\src\com\twitter\pojo\Admins.java
ENTITY,com.twitter.pojo.Admins,setApower,3,1,2,1,0,735,D:\Projetos\_Web\mytwitter\src\com\twitter\pojo\Admins.java
ENTITY,com.twitter.pojo.Admins,getApwd,3,1,1,0,0,444,D:\Projetos\_Web\mytwitter\src\com\twitter\pojo\Admins.java
ENTITY,com.twitter.pojo.Admins,setAname,3,1,2,1,0,376,D:\Projetos\_Web\mytwitter\src\com\twitter\pojo\Admins.java
ENTITY,com.twitter.pojo.Admins,getApower,3,1,1,0,0,684,D:\Projetos\_Web\mytwitter\src\com\twitter\pojo\Admins.java
ENTITY,com.twitter.pojo.Admins,getAstate,3,1,1,0,0,804,D:\Projetos\_Web\mytwitter\src\com\twitter\pojo\Admins.java
ENTITY,com.twitter.pojo.Admins,getAid,3,1,1,0,0,222,D:\Projetos\_Web\mytwitter\src\com\twitter\pojo\Admins.java
ENTITY,com.twitter.pojo.Admins,setAstate,3,1,2,1,0,855,D:\Projetos\_Web\mytwitter\src\com\twitter\pojo\Admins.java
UNDEFINED,com.twitter.dao.ConcernDao,delFollow,5,1,3,2,0,1205,D:\Projetos\_Web\mytwitter\src\com\twitter\dao\ConcernDao.java
UNDEFINED,com.twitter.dao.ConcernDao,updateFollow,5,1,3,3,0,1392,D:\Projetos\_Web\mytwitter\src\com\twitter\dao\ConcernDao.java
UNDEFINED,com.twitter.dao.ConcernDao,getSuid,8,2,4,1,0,179,D:\Projetos\_Web\mytwitter\src\com\twitter\dao\ConcernDao.java
UNDEFINED,com.twitter.dao.ConcernDao,getFuid,8,2,4,1,0,435,D:\Projetos\_Web\mytwitter\src\com\twitter\dao\ConcernDao.java
UNDEFINED,com.twitter.dao.ConcernDao,hasFollow,8,2,4,2,0,691,D:\Projetos\_Web\mytwitter\src\com\twitter\dao\ConcernDao.java
UNDEFINED,com.twitter.dao.ConcernDao,addFollow,5,1,4,4,0,970,D:\Projetos\_Web\mytwitter\src\com\twitter\dao\ConcernDao.java
UNDEFINED,com.twitter.dao.UsersDao,checkUsername,8,2,4,1,0,1161,D:\Projetos\_Web\mytwitter\src\com\twitter\dao\UsersDao.java
UNDEFINED,com.twitter.dao.UsersDao,checkUaite,8,2,4,1,0,1744,D:\Projetos\_Web\mytwitter\src\com\twitter\dao\UsersDao.java
UNDEFINED,com.twitter.dao.UsersDao,addUser,5,1,4,5,0,1453,D:\Projetos\_Web\mytwitter\src\com\twitter\dao\UsersDao.java
UNDEFINED,com.twitter.dao.UsersDao,updateOnline,5,1,3,2,0,2035,D:\Projetos\_Web\mytwitter\src\com\twitter\dao\UsersDao.java
UNDEFINED,com.twitter.dao.UsersDao,getDayUp,5,1,4,1,0,208,D:\Projetos\_Web\mytwitter\src\com\twitter\dao\UsersDao.java
UNDEFINED,com.twitter.dao.UsersDao,checkLogin,8,2,4,2,0,486,D:\Projetos\_Web\mytwitter\src\com\twitter\dao\UsersDao.java
UNDEFINED,com.twitter.dao.UsersDao,findById,8,2,5,1,0,874,D:\Projetos\_Web\mytwitter\src\com\twitter\dao\UsersDao.java
UNDEFINED,com.twitter.dao.UsersDao,updateState,5,1,3,2,0,2207,D:\Projetos\_Web\mytwitter\src\com\twitter\dao\UsersDao.java
UNDEFINED,com.twitter.dao.UsersDao,getUserNum,3,1,2,0,0,419,D:\Projetos\_Web\mytwitter\src\com\twitter\dao\UsersDao.java
ENTITY,com.twitter.pojo.Tweets,getTcontent,3,1,1,0,0,496,D:\Projetos\_Web\mytwitter\src\com\twitter\pojo\Tweets.java
ENTITY,com.twitter.pojo.Tweets,getTvideo,3,1,1,0,0,874,D:\Projetos\_Web\mytwitter\src\com\twitter\pojo\Tweets.java
ENTITY,com.twitter.pojo.Tweets,getTforward,3,1,1,0,0,1120,D:\Projetos\_Web\mytwitter\src\com\twitter\pojo\Tweets.java
ENTITY,com.twitter.pojo.Tweets,setTid,3,1,2,1,0,337,D:\Projetos\_Web\mytwitter\src\com\twitter\pojo\Tweets.java
ENTITY,com.twitter.pojo.Tweets,getUid,3,1,1,0,0,394,D:\Projetos\_Web\mytwitter\src\com\twitter\pojo\Tweets.java
ENTITY,com.twitter.pojo.Tweets,setTpic,3,1,2,1,0,810,D:\Projetos\_Web\mytwitter\src\com\twitter\pojo\Tweets.java
ENTITY,com.twitter.pojo.Tweets,setTforward,3,1,2,1,0,1175,D:\Projetos\_Web\mytwitter\src\com\twitter\pojo\Tweets.java
ENTITY,com.twitter.pojo.Tweets,setUid,3,1,2,1,0,439,D:\Projetos\_Web\mytwitter\src\com\twitter\pojo\Tweets.java
ENTITY,com.twitter.pojo.Tweets,getTtime,3,1,1,0,0,634,D:\Projetos\_Web\mytwitter\src\com\twitter\pojo\Tweets.java
ENTITY,com.twitter.pojo.Tweets,getTid,3,1,1,0,0,292,D:\Projetos\_Web\mytwitter\src\com\twitter\pojo\Tweets.java
ENTITY,com.twitter.pojo.Tweets,setTvideo,3,1,2,1,0,928,D:\Projetos\_Web\mytwitter\src\com\twitter\pojo\Tweets.java
ENTITY,com.twitter.pojo.Tweets,getTreply,3,1,1,0,0,1000,D:\Projetos\_Web\mytwitter\src\com\twitter\pojo\Tweets.java
ENTITY,com.twitter.pojo.Tweets,setTcontent,3,1,2,1,0,554,D:\Projetos\_Web\mytwitter\src\com\twitter\pojo\Tweets.java
ENTITY,com.twitter.pojo.Tweets,setTreply,3,1,2,1,0,1051,D:\Projetos\_Web\mytwitter\src\com\twitter\pojo\Tweets.java
ENTITY,com.twitter.pojo.Tweets,setTlike,3,1,2,1,0,1301,D:\Projetos\_Web\mytwitter\src\com\twitter\pojo\Tweets.java
ENTITY,com.twitter.pojo.Tweets,getTlike,3,1,1,0,0,1252,D:\Projetos\_Web\mytwitter\src\com\twitter\pojo\Tweets.java
ENTITY,com.twitter.pojo.Tweets,getTpic,3,1,1,0,0,760,D:\Projetos\_Web\mytwitter\src\com\twitter\pojo\Tweets.java
ENTITY,com.twitter.pojo.Tweets,setTtime,3,1,2,1,0,689,D:\Projetos\_Web\mytwitter\src\com\twitter\pojo\Tweets.java
ENTITY,com.twitter.pojo.Forwards,getFid,3,1,1,0,0,419,D:\Projetos\_Web\mytwitter\src\com\twitter\pojo\Forwards.java
ENTITY,com.twitter.pojo.Forwards,setStid,3,1,2,1,0,568,D:\Projetos\_Web\mytwitter\src\com\twitter\pojo\Forwards.java
ENTITY,com.twitter.pojo.Forwards,setFid,3,1,2,1,0,464,D:\Projetos\_Web\mytwitter\src\com\twitter\pojo\Forwards.java
ENTITY,com.twitter.pojo.Forwards,getStid,3,1,1,0,0,521,D:\Projetos\_Web\mytwitter\src\com\twitter\pojo\Forwards.java
ENTITY,com.twitter.pojo.Forwards,getFtime,3,1,1,0,0,293,D:\Projetos\_Web\mytwitter\src\com\twitter\pojo\Forwards.java
ENTITY,com.twitter.pojo.Forwards,getUid,3,1,1,0,0,191,D:\Projetos\_Web\mytwitter\src\com\twitter\pojo\Forwards.java
ENTITY,com.twitter.pojo.Forwards,setUid,3,1,2,1,0,236,D:\Projetos\_Web\mytwitter\src\com\twitter\pojo\Forwards.java
ENTITY,com.twitter.pojo.Forwards,setFtime,3,1,2,1,0,348,D:\Projetos\_Web\mytwitter\src\com\twitter\pojo\Forwards.java
ENTITY,com.twitter.pojo.Forwards,setTid,3,1,2,1,0,674,D:\Projetos\_Web\mytwitter\src\com\twitter\pojo\Forwards.java
ENTITY,com.twitter.pojo.Forwards,getTid,3,1,1,0,0,629,D:\Projetos\_Web\mytwitter\src\com\twitter\pojo\Forwards.java
ENTITY,com.twitter.pojo.Replyall,getTid,3,1,1,0,0,765,D:\Projetos\_Web\mytwitter\src\com\twitter\pojo\Replyall.java
ENTITY,com.twitter.pojo.Replyall,getUname,3,1,1,0,0,1005,D:\Projetos\_Web\mytwitter\src\com\twitter\pojo\Replyall.java
ENTITY,com.twitter.pojo.Replyall,getUid,3,1,1,0,0,663,D:\Projetos\_Web\mytwitter\src\com\twitter\pojo\Replyall.java
ENTITY,com.twitter.pojo.Replyall,setRcontent,3,1,2,1,0,925,D:\Projetos\_Web\mytwitter\src\com\twitter\pojo\Replyall.java
ENTITY,com.twitter.pojo.Replyall,getRtime,3,1,1,0,0,435,D:\Projetos\_Web\mytwitter\src\com\twitter\pojo\Replyall.java
ENTITY,com.twitter.pojo.Replyall,getRid,3,1,1,0,0,561,D:\Projetos\_Web\mytwitter\src\com\twitter\pojo\Replyall.java
ENTITY,com.twitter.pojo.Replyall,setRtime,3,1,2,1,0,490,D:\Projetos\_Web\mytwitter\src\com\twitter\pojo\Replyall.java
ENTITY,com.twitter.pojo.Replyall,getUaite,3,1,1,0,0,1269,D:\Projetos\_Web\mytwitter\src\com\twitter\pojo\Replyall.java
ENTITY,com.twitter.pojo.Replyall,setTime,3,1,2,1,0,371,D:\Projetos\_Web\mytwitter\src\com\twitter\pojo\Replyall.java
ENTITY,com.twitter.pojo.Replyall,setUname,3,1,2,1,0,1057,D:\Projetos\_Web\mytwitter\src\com\twitter\pojo\Replyall.java
ENTITY,com.twitter.pojo.Replyall,setRid,3,1,2,1,0,606,D:\Projetos\_Web\mytwitter\src\com\twitter\pojo\Replyall.java
ENTITY,com.twitter.pojo.Replyall,setUrealname,3,1,2,1,0,1185,D:\Projetos\_Web\mytwitter\src\com\twitter\pojo\Replyall.java
ENTITY,com.twitter.pojo.Replyall,setTid,3,1,2,1,0,810,D:\Projetos\_Web\mytwitter\src\com\twitter\pojo\Replyall.java
ENTITY,com.twitter.pojo.Replyall,getUrealname,3,1,1,0,0,1125,D:\Projetos\_Web\mytwitter\src\com\twitter\pojo\Replyall.java
ENTITY,com.twitter.pojo.Replyall,getRcontent,3,1,1,0,0,867,D:\Projetos\_Web\mytwitter\src\com\twitter\pojo\Replyall.java
ENTITY,com.twitter.pojo.Replyall,getUlogo,3,1,1,0,0,1389,D:\Projetos\_Web\mytwitter\src\com\twitter\pojo\Replyall.java
ENTITY,com.twitter.pojo.Replyall,getTime,3,1,1,0,0,321,D:\Projetos\_Web\mytwitter\src\com\twitter\pojo\Replyall.java
ENTITY,com.twitter.pojo.Replyall,setUaite,3,1,2,1,0,1321,D:\Projetos\_Web\mytwitter\src\com\twitter\pojo\Replyall.java
ENTITY,com.twitter.pojo.Replyall,setUid,3,1,2,1,0,708,D:\Projetos\_Web\mytwitter\src\com\twitter\pojo\Replyall.java
ENTITY,com.twitter.pojo.Replyall,setUlogo,3,1,2,1,0,1441,D:\Projetos\_Web\mytwitter\src\com\twitter\pojo\Replyall.java
HTTPSERVLET,com.twitter.servlet.NotificationServlet,getJsonObj,28,9,5,8,0,4186,D:\Projetos\_Web\mytwitter\src\com\twitter\servlet\NotificationServlet.java
HTTPSERVLET,com.twitter.servlet.NotificationServlet,service,11,3,7,2,0,1138,D:\Projetos\_Web\mytwitter\src\com\twitter\servlet\NotificationServlet.java
HTTPSERVLET,com.twitter.servlet.NotificationServlet,toGetAllNotify,50,7,16,2,0,1900,D:\Projetos\_Web\mytwitter\src\com\twitter\servlet\NotificationServlet.java
HTTPSERVLET,com.twitter.servlet.NotificationServlet,changeTime,32,5,8,2,0,6364,D:\Projetos\_Web\mytwitter\src\com\twitter\servlet\NotificationServlet.java
HTTPSERVLET,com.twitter.servlet.NotificationServlet,toGetNoRead,7,1,6,2,0,1582,D:\Projetos\_Web\mytwitter\src\com\twitter\servlet\NotificationServlet.java
UNDEFINED,com.twitter.dao.AdminsDao,updateOnline,5,1,3,2,0,463,D:\Projetos\_Web\mytwitter\src\com\twitter\dao\AdminsDao.java
UNDEFINED,com.twitter.dao.AdminsDao,checkLogin,8,2,4,2,0,149,D:\Projetos\_Web\mytwitter\src\com\twitter\dao\AdminsDao.java
UNDEFINED,com.twitter.dao.ForwardsDao,addForward,5,1,4,4,0,1031,D:\Projetos\_Web\mytwitter\src\com\twitter\dao\ForwardsDao.java
UNDEFINED,com.twitter.dao.ForwardsDao,getForward,6,2,5,2,0,181,D:\Projetos\_Web\mytwitter\src\com\twitter\dao\ForwardsDao.java
UNDEFINED,com.twitter.dao.ForwardsDao,getForward,6,2,6,2,0,458,D:\Projetos\_Web\mytwitter\src\com\twitter\dao\ForwardsDao.java
UNDEFINED,com.twitter.dao.ForwardsDao,selForward,8,2,5,2,0,746,D:\Projetos\_Web\mytwitter\src\com\twitter\dao\ForwardsDao.java
UNDEFINED,com.twitter.dao.NotificationDao,addNotify,5,1,4,12,0,189,D:\Projetos\_Web\mytwitter\src\com\twitter\dao\NotificationDao.java
UNDEFINED,com.twitter.dao.NotificationDao,getAll,8,2,4,2,0,701,D:\Projetos\_Web\mytwitter\src\com\twitter\dao\NotificationDao.java
UNDEFINED,com.twitter.dao.NotificationDao,setState,5,1,3,1,0,1151,D:\Projetos\_Web\mytwitter\src\com\twitter\dao\NotificationDao.java
UNDEFINED,com.twitter.dao.NotificationDao,getNoRead,8,2,4,1,0,1381,D:\Projetos\_Web\mytwitter\src\com\twitter\dao\NotificationDao.java
ENTITY,com.twitter.pojo.Adlogin,setAid,3,1,2,1,0,336,D:\Projetos\_Web\mytwitter\src\com\twitter\pojo\Adlogin.java
ENTITY,com.twitter.pojo.Adlogin,getAdotime,3,1,1,0,0,531,D:\Projetos\_Web\mytwitter\src\com\twitter\pojo\Adlogin.java
ENTITY,com.twitter.pojo.Adlogin,getAdid,3,1,1,0,0,183,D:\Projetos\_Web\mytwitter\src\com\twitter\pojo\Adlogin.java
ENTITY,com.twitter.pojo.Adlogin,setAditime,3,1,2,1,0,452,D:\Projetos\_Web\mytwitter\src\com\twitter\pojo\Adlogin.java
ENTITY,com.twitter.pojo.Adlogin,setAdotime,3,1,2,1,0,590,D:\Projetos\_Web\mytwitter\src\com\twitter\pojo\Adlogin.java
ENTITY,com.twitter.pojo.Adlogin,getAid,3,1,1,0,0,291,D:\Projetos\_Web\mytwitter\src\com\twitter\pojo\Adlogin.java
ENTITY,com.twitter.pojo.Adlogin,setAdid,3,1,2,1,0,230,D:\Projetos\_Web\mytwitter\src\com\twitter\pojo\Adlogin.java
ENTITY,com.twitter.pojo.Adlogin,getAditime,3,1,1,0,0,393,D:\Projetos\_Web\mytwitter\src\com\twitter\pojo\Adlogin.java
HTTPSERVLET,com.twitter.servlet.ReplyServlet,getJsonObj,13,1,3,9,0,2656,D:\Projetos\_Web\mytwitter\src\com\twitter\servlet\ReplyServlet.java
HTTPSERVLET,com.twitter.servlet.ReplyServlet,service,46,7,14,2,0,721,D:\Projetos\_Web\mytwitter\src\com\twitter\servlet\ReplyServlet.java
UNDEFINED,com.twitter.dao.ReplysDao,getAllReply,8,2,4,2,0,409,D:\Projetos\_Web\mytwitter\src\com\twitter\dao\ReplysDao.java
UNDEFINED,com.twitter.dao.ReplysDao,addReplys,5,1,4,4,0,179,D:\Projetos\_Web\mytwitter\src\com\twitter\dao\ReplysDao.java
ENTITY,com.twitter.pojo.Usersinfo,getUaddress,3,1,1,0,0,665,D:\Projetos\_Web\mytwitter\src\com\twitter\pojo\Usersinfo.java
ENTITY,com.twitter.pojo.Usersinfo,setUlogo,3,1,2,1,0,1107,D:\Projetos\_Web\mytwitter\src\com\twitter\pojo\Usersinfo.java
ENTITY,com.twitter.pojo.Usersinfo,setUaddress,3,1,2,1,0,723,D:\Projetos\_Web\mytwitter\src\com\twitter\pojo\Usersinfo.java
ENTITY,com.twitter.pojo.Usersinfo,getUcolor,3,1,1,0,0,443,D:\Projetos\_Web\mytwitter\src\com\twitter\pojo\Usersinfo.java
ENTITY,com.twitter.pojo.Usersinfo,setId,3,1,2,1,0,612,D:\Projetos\_Web\mytwitter\src\com\twitter\pojo\Usersinfo.java
ENTITY,com.twitter.pojo.Usersinfo,getUfollow,3,1,1,0,0,1517,D:\Projetos\_Web\mytwitter\src\com\twitter\pojo\Usersinfo.java
ENTITY,com.twitter.pojo.Usersinfo,setUid,3,1,2,1,0,386,D:\Projetos\_Web\mytwitter\src\com\twitter\pojo\Usersinfo.java
ENTITY,com.twitter.pojo.Usersinfo,getUfans,3,1,1,0,0,1283,D:\Projetos\_Web\mytwitter\src\com\twitter\pojo\Usersinfo.java
ENTITY,com.twitter.pojo.Usersinfo,getUtweet,3,1,1,0,0,1397,D:\Projetos\_Web\mytwitter\src\com\twitter\pojo\Usersinfo.java
ENTITY,com.twitter.pojo.Usersinfo,getUbg,3,1,1,0,0,1175,D:\Projetos\_Web\mytwitter\src\com\twitter\pojo\Usersinfo.java
ENTITY,com.twitter.pojo.Usersinfo,setUfollow,3,1,2,1,0,1570,D:\Projetos\_Web\mytwitter\src\com\twitter\pojo\Usersinfo.java
ENTITY,com.twitter.pojo.Usersinfo,setUcolor,3,1,2,1,0,497,D:\Projetos\_Web\mytwitter\src\com\twitter\pojo\Usersinfo.java
ENTITY,com.twitter.pojo.Usersinfo,getUlogo,3,1,1,0,0,1055,D:\Projetos\_Web\mytwitter\src\com\twitter\pojo\Usersinfo.java
ENTITY,com.twitter.pojo.Usersinfo,getId,3,1,1,0,0,569,D:\Projetos\_Web\mytwitter\src\com\twitter\pojo\Usersinfo.java
ENTITY,com.twitter.pojo.Usersinfo,setUdate,3,1,2,1,0,984,D:\Projetos\_Web\mytwitter\src\com\twitter\pojo\Usersinfo.java
ENTITY,com.twitter.pojo.Usersinfo,setUabout,3,1,2,1,0,857,D:\Projetos\_Web\mytwitter\src\com\twitter\pojo\Usersinfo.java
ENTITY,com.twitter.pojo.Usersinfo,setUfans,3,1,2,1,0,1332,D:\Projetos\_Web\mytwitter\src\com\twitter\pojo\Usersinfo.java
ENTITY,com.twitter.pojo.Usersinfo,setUbg,3,1,2,1,0,1223,D:\Projetos\_Web\mytwitter\src\com\twitter\pojo\Usersinfo.java
ENTITY,com.twitter.pojo.Usersinfo,getUid,3,1,1,0,0,341,D:\Projetos\_Web\mytwitter\src\com\twitter\pojo\Usersinfo.java
ENTITY,com.twitter.pojo.Usersinfo,getUdate,3,1,1,0,0,929,D:\Projetos\_Web\mytwitter\src\com\twitter\pojo\Usersinfo.java
ENTITY,com.twitter.pojo.Usersinfo,getUabout,3,1,1,0,0,803,D:\Projetos\_Web\mytwitter\src\com\twitter\pojo\Usersinfo.java
ENTITY,com.twitter.pojo.Usersinfo,setUtweet,3,1,2,1,0,1448,D:\Projetos\_Web\mytwitter\src\com\twitter\pojo\Usersinfo.java
HTTPSERVLET,com.twitter.servlet.UserServlet,toUpdateAbout,12,2,8,2,0,5672,D:\Projetos\_Web\mytwitter\src\com\twitter\servlet\UserServlet.java
HTTPSERVLET,com.twitter.servlet.UserServlet,toShuaXinTuiJian,25,4,16,2,0,9643,D:\Projetos\_Web\mytwitter\src\com\twitter\servlet\UserServlet.java
HTTPSERVLET,com.twitter.servlet.UserServlet,toGengXinInfo,14,4,8,2,0,5108,D:\Projetos\_Web\mytwitter\src\com\twitter\servlet\UserServlet.java
HTTPSERVLET,com.twitter.servlet.UserServlet,toGetZiLiao,17,2,11,2,0,8755,D:\Projetos\_Web\mytwitter\src\com\twitter\servlet\UserServlet.java
HTTPSERVLET,com.twitter.servlet.UserServlet,toCatSession,2,1,2,2,0,4761,D:\Projetos\_Web\mytwitter\src\com\twitter\servlet\UserServlet.java
HTTPSERVLET,com.twitter.servlet.UserServlet,service,59,19,7,2,0,1452,D:\Projetos\_Web\mytwitter\src\com\twitter\servlet\UserServlet.java
HTTPSERVLET,com.twitter.servlet.UserServlet,toRegister,19,2,5,2,0,21732,D:\Projetos\_Web\mytwitter\src\com\twitter\servlet\UserServlet.java
HTTPSERVLET,com.twitter.servlet.UserServlet,toUpdateBg,14,2,10,2,0,4108,D:\Projetos\_Web\mytwitter\src\com\twitter\servlet\UserServlet.java
HTTPSERVLET,com.twitter.servlet.UserServlet,toChaUser,13,3,7,2,0,6818,D:\Projetos\_Web\mytwitter\src\com\twitter\servlet\UserServlet.java
HTTPSERVLET,com.twitter.servlet.UserServlet,checkLogin,41,7,12,2,0,22594,D:\Projetos\_Web\mytwitter\src\com\twitter\servlet\UserServlet.java
HTTPSERVLET,com.twitter.servlet.UserServlet,checkAite,10,2,5,2,0,19343,D:\Projetos\_Web\mytwitter\src\com\twitter\servlet\UserServlet.java
HTTPSERVLET,com.twitter.servlet.UserServlet,getJsonObj,23,2,3,14,0,17489,D:\Projetos\_Web\mytwitter\src\com\twitter\servlet\UserServlet.java
HTTPSERVLET,com.twitter.servlet.UserServlet,toSearch,136,27,16,2,0,11715,D:\Projetos\_Web\mytwitter\src\com\twitter\servlet\UserServlet.java
HTTPSERVLET,com.twitter.servlet.UserServlet,toUpdateData,19,2,10,2,0,3190,D:\Projetos\_Web\mytwitter\src\com\twitter\servlet\UserServlet.java
HTTPSERVLET,com.twitter.servlet.UserServlet,toUpdateBrithday,14,2,9,2,0,6163,D:\Projetos\_Web\mytwitter\src\com\twitter\servlet\UserServlet.java
HTTPSERVLET,com.twitter.servlet.UserServlet,checkUser,10,2,5,2,0,21396,D:\Projetos\_Web\mytwitter\src\com\twitter\servlet\UserServlet.java
HTTPSERVLET,com.twitter.servlet.UserServlet,toSearchWho,22,3,10,2,0,10852,D:\Projetos\_Web\mytwitter\src\com\twitter\servlet\UserServlet.java
HTTPSERVLET,com.twitter.servlet.UserServlet,toExit,21,3,12,2,0,18411,D:\Projetos\_Web\mytwitter\src\com\twitter\servlet\UserServlet.java
HTTPSERVLET,com.twitter.servlet.UserServlet,signUp,42,5,19,2,0,19674,D:\Projetos\_Web\mytwitter\src\com\twitter\servlet\UserServlet.java
HTTPSERVLET,com.twitter.servlet.UserServlet,toChangeLogo,33,5,14,2,0,7530,D:\Projetos\_Web\mytwitter\src\com\twitter\servlet\UserServlet.java
ENTITY,com.twitter.pojo.Messageall,setUlogo2,3,1,2,1,0,2257,D:\Projetos\_Web\mytwitter\src\com\twitter\pojo\Messageall.java
ENTITY,com.twitter.pojo.Messageall,setUname,3,1,2,1,0,1595,D:\Projetos\_Web\mytwitter\src\com\twitter\pojo\Messageall.java
ENTITY,com.twitter.pojo.Messageall,setMcontent,3,1,2,1,0,1223,D:\Projetos\_Web\mytwitter\src\com\twitter\pojo\Messageall.java
ENTITY,com.twitter.pojo.Messageall,setFuid,3,1,2,1,0,996,D:\Projetos\_Web\mytwitter\src\com\twitter\pojo\Messageall.java
ENTITY,com.twitter.pojo.Messageall,getMid,3,1,1,0,0,645,D:\Projetos\_Web\mytwitter\src\com\twitter\pojo\Messageall.java
ENTITY,com.twitter.pojo.Messageall,setMread,3,1,2,1,0,1478,D:\Projetos\_Web\mytwitter\src\com\twitter\pojo\Messageall.java
ENTITY,com.twitter.pojo.Messageall,getUlogo2,3,1,1,0,0,2203,D:\Projetos\_Web\mytwitter\src\com\twitter\pojo\Messageall.java
ENTITY,com.twitter.pojo.Messageall,getMread,3,1,1,0,0,1429,D:\Projetos\_Web\mytwitter\src\com\twitter\pojo\Messageall.java
ENTITY,com.twitter.pojo.Messageall,getSuid,3,1,1,0,0,1057,D:\Projetos\_Web\mytwitter\src\com\twitter\pojo\Messageall.java
ENTITY,com.twitter.pojo.Messageall,setSuid,3,1,2,1,0,1104,D:\Projetos\_Web\mytwitter\src\com\twitter\pojo\Messageall.java
ENTITY,com.twitter.pojo.Messageall,toString,3,1,1,0,0,749,D:\Projetos\_Web\mytwitter\src\com\twitter\pojo\Messageall.java
ENTITY,com.twitter.pojo.Messageall,setMtime,3,1,2,1,0,1358,D:\Projetos\_Web\mytwitter\src\com\twitter\pojo\Messageall.java
ENTITY,com.twitter.pojo.Messageall,getUrealname2,3,1,1,0,0,2053,D:\Projetos\_Web\mytwitter\src\com\twitter\pojo\Messageall.java
ENTITY,com.twitter.pojo.Messageall,setTime,3,1,2,1,0,581,D:\Projetos\_Web\mytwitter\src\com\twitter\pojo\Messageall.java
ENTITY,com.twitter.pojo.Messageall,setMid,3,1,2,1,0,690,D:\Projetos\_Web\mytwitter\src\com\twitter\pojo\Messageall.java
ENTITY,com.twitter.pojo.Messageall,getMcontent,3,1,1,0,0,1165,D:\Projetos\_Web\mytwitter\src\com\twitter\pojo\Messageall.java
ENTITY,com.twitter.pojo.Messageall,getUname,3,1,1,0,0,1543,D:\Projetos\_Web\mytwitter\src\com\twitter\pojo\Messageall.java
ENTITY,com.twitter.pojo.Messageall,setUrealname2,3,1,2,1,0,2115,D:\Projetos\_Web\mytwitter\src\com\twitter\pojo\Messageall.java
ENTITY,com.twitter.pojo.Messageall,getTime,3,1,1,0,0,531,D:\Projetos\_Web\mytwitter\src\com\twitter\pojo\Messageall.java
ENTITY,com.twitter.pojo.Messageall,getUname2,3,1,1,0,0,1927,D:\Projetos\_Web\mytwitter\src\com\twitter\pojo\Messageall.java
ENTITY,com.twitter.pojo.Messageall,setUname2,3,1,2,1,0,1981,D:\Projetos\_Web\mytwitter\src\com\twitter\pojo\Messageall.java
ENTITY,com.twitter.pojo.Messageall,getMtime,3,1,1,0,0,1303,D:\Projetos\_Web\mytwitter\src\com\twitter\pojo\Messageall.java
ENTITY,com.twitter.pojo.Messageall,getFuid,3,1,1,0,0,949,D:\Projetos\_Web\mytwitter\src\com\twitter\pojo\Messageall.java
ENTITY,com.twitter.pojo.Messageall,setUrealname,3,1,2,1,0,1723,D:\Projetos\_Web\mytwitter\src\com\twitter\pojo\Messageall.java
ENTITY,com.twitter.pojo.Messageall,setUlogo,3,1,2,1,0,1859,D:\Projetos\_Web\mytwitter\src\com\twitter\pojo\Messageall.java
ENTITY,com.twitter.pojo.Messageall,getUrealname,3,1,1,0,0,1663,D:\Projetos\_Web\mytwitter\src\com\twitter\pojo\Messageall.java
ENTITY,com.twitter.pojo.Messageall,setUid2,3,1,2,1,0,445,D:\Projetos\_Web\mytwitter\src\com\twitter\pojo\Messageall.java
ENTITY,com.twitter.pojo.Messageall,getUlogo,3,1,1,0,0,1807,D:\Projetos\_Web\mytwitter\src\com\twitter\pojo\Messageall.java
ENTITY,com.twitter.pojo.Messageall,getUid2,3,1,1,0,0,398,D:\Projetos\_Web\mytwitter\src\com\twitter\pojo\Messageall.java
UNDEFINED,com.twitter.dao.LikesDao,selLike,8,2,5,2,0,175,D:\Projetos\_Web\mytwitter\src\com\twitter\dao\LikesDao.java
UNDEFINED,com.twitter.dao.LikesDao,addLikes,5,1,4,3,0,445,D:\Projetos\_Web\mytwitter\src\com\twitter\dao\LikesDao.java
UNDEFINED,com.twitter.dao.LikesDao,delLikes,5,1,3,2,0,639,D:\Projetos\_Web\mytwitter\src\com\twitter\dao\LikesDao.java
HTTPSERVLET,com.twitter.servlet.MessageServlet,service,29,9,4,2,0,931,D:\Projetos\_Web\mytwitter\src\com\twitter\servlet\MessageServlet.java
HTTPSERVLET,com.twitter.servlet.MessageServlet,toAddFriend,10,1,9,2,0,2209,D:\Projetos\_Web\mytwitter\src\com\twitter\servlet\MessageServlet.java
HTTPSERVLET,com.twitter.servlet.MessageServlet,toGetMsg,14,2,10,2,0,4284,D:\Projetos\_Web\mytwitter\src\com\twitter\servlet\MessageServlet.java
HTTPSERVLET,com.twitter.servlet.MessageServlet,toShuaxinMsg,15,2,10,2,0,3018,D:\Projetos\_Web\mytwitter\src\com\twitter\servlet\MessageServlet.java
HTTPSERVLET,com.twitter.servlet.MessageServlet,toGetLieBiao,63,17,11,2,0,4903,D:\Projetos\_Web\mytwitter\src\com\twitter\servlet\MessageServlet.java
HTTPSERVLET,com.twitter.servlet.MessageServlet,formatDate,14,2,6,2,0,6847,D:\Projetos\_Web\mytwitter\src\com\twitter\servlet\MessageServlet.java
HTTPSERVLET,com.twitter.servlet.MessageServlet,toAddMsg,15,4,10,2,0,3687,D:\Projetos\_Web\mytwitter\src\com\twitter\servlet\MessageServlet.java
HTTPSERVLET,com.twitter.servlet.MessageServlet,toDel,8,1,7,2,0,1848,D:\Projetos\_Web\mytwitter\src\com\twitter\servlet\MessageServlet.java
HTTPSERVLET,com.twitter.servlet.MessageServlet,toHasNew,7,1,6,2,0,2709,D:\Projetos\_Web\mytwitter\src\com\twitter\servlet\MessageServlet.java
VIEW,com.twitter.util.MySessionListener,sessionCreated,2,1,5,1,0,703,D:\Projetos\_Web\mytwitter\src\com\twitter\util\MySessionListener.java
VIEW,com.twitter.util.MySessionListener,sessionDestroyed,29,7,14,1,0,778,D:\Projetos\_Web\mytwitter\src\com\twitter\util\MySessionListener.java
UNDEFINED,com.twitter.dao.UsersinfoDao,delTweetsNum,5,1,3,1,0,4042,D:\Projetos\_Web\mytwitter\src\com\twitter\dao\UsersinfoDao.java
UNDEFINED,com.twitter.dao.UsersinfoDao,addUserinfo,5,1,3,1,0,3727,D:\Projetos\_Web\mytwitter\src\com\twitter\dao\UsersinfoDao.java
UNDEFINED,com.twitter.dao.UsersinfoDao,getInfo,8,2,5,1,0,6519,D:\Projetos\_Web\mytwitter\src\com\twitter\dao\UsersinfoDao.java
UNDEFINED,com.twitter.dao.UsersinfoDao,getCount,8,3,4,1,0,958,D:\Projetos\_Web\mytwitter\src\com\twitter\dao\UsersinfoDao.java
UNDEFINED,com.twitter.dao.UsersinfoDao,getInfos,8,2,5,1,0,3037,D:\Projetos\_Web\mytwitter\src\com\twitter\dao\UsersinfoDao.java
UNDEFINED,com.twitter.dao.UsersinfoDao,addFollowNum,7,2,3,2,0,4498,D:\Projetos\_Web\mytwitter\src\com\twitter\dao\UsersinfoDao.java
UNDEFINED,com.twitter.dao.UsersinfoDao,addFansNum,7,2,3,2,0,4210,D:\Projetos\_Web\mytwitter\src\com\twitter\dao\UsersinfoDao.java
UNDEFINED,com.twitter.dao.UsersinfoDao,selTuiJian,19,4,6,2,0,2363,D:\Projetos\_Web\mytwitter\src\com\twitter\dao\UsersinfoDao.java
UNDEFINED,com.twitter.dao.UsersinfoDao,getInfotwo,8,2,5,1,0,6880,D:\Projetos\_Web\mytwitter\src\com\twitter\dao\UsersinfoDao.java
UNDEFINED,com.twitter.dao.UsersinfoDao,updateData,5,1,4,5,0,1352,D:\Projetos\_Web\mytwitter\src\com\twitter\dao\UsersinfoDao.java
UNDEFINED,com.twitter.dao.UsersinfoDao,addTweetsNum,5,1,3,1,0,3874,D:\Projetos\_Web\mytwitter\src\com\twitter\dao\UsersinfoDao.java
UNDEFINED,com.twitter.dao.UsersinfoDao,updateUlogo,5,1,3,2,0,2187,D:\Projetos\_Web\mytwitter\src\com\twitter\dao\UsersinfoDao.java
UNDEFINED,com.twitter.dao.UsersinfoDao,searchWord,8,2,4,2,0,4794,D:\Projetos\_Web\mytwitter\src\com\twitter\dao\UsersinfoDao.java
UNDEFINED,com.twitter.dao.UsersinfoDao,searchWord,21,4,6,3,0,5259,D:\Projetos\_Web\mytwitter\src\com\twitter\dao\UsersinfoDao.java
UNDEFINED,com.twitter.dao.UsersinfoDao,searchWord,8,2,3,1,0,6080,D:\Projetos\_Web\mytwitter\src\com\twitter\dao\UsersinfoDao.java
UNDEFINED,com.twitter.dao.UsersinfoDao,fenye,14,4,6,3,0,279,D:\Projetos\_Web\mytwitter\src\com\twitter\dao\UsersinfoDao.java
UNDEFINED,com.twitter.dao.UsersinfoDao,searchWho,8,2,4,1,0,3359,D:\Projetos\_Web\mytwitter\src\com\twitter\dao\UsersinfoDao.java
UNDEFINED,com.twitter.dao.UsersinfoDao,updateBg,5,1,3,2,0,1667,D:\Projetos\_Web\mytwitter\src\com\twitter\dao\UsersinfoDao.java
UNDEFINED,com.twitter.dao.UsersinfoDao,updateDate,5,1,4,2,0,1838,D:\Projetos\_Web\mytwitter\src\com\twitter\dao\UsersinfoDao.java
UNDEFINED,com.twitter.dao.UsersinfoDao,updateAbout,5,1,3,2,0,2012,D:\Projetos\_Web\mytwitter\src\com\twitter\dao\UsersinfoDao.java
UNDEFINED,com.twitter.dao.MessageDao,findByTwoId,6,2,4,2,0,2185,D:\Projetos\_Web\mytwitter\src\com\twitter\dao\MessageDao.java
UNDEFINED,com.twitter.dao.MessageDao,hasNew,6,2,4,1,0,1223,D:\Projetos\_Web\mytwitter\src\com\twitter\dao\MessageDao.java
UNDEFINED,com.twitter.dao.MessageDao,findById,8,3,4,2,0,1724,D:\Projetos\_Web\mytwitter\src\com\twitter\dao\MessageDao.java
UNDEFINED,com.twitter.dao.MessageDao,toRead,5,1,3,2,0,1027,D:\Projetos\_Web\mytwitter\src\com\twitter\dao\MessageDao.java
UNDEFINED,com.twitter.dao.MessageDao,addFriend,6,2,4,1,0,428,D:\Projetos\_Web\mytwitter\src\com\twitter\dao\MessageDao.java
UNDEFINED,com.twitter.dao.MessageDao,delFriend,5,1,3,2,0,217,D:\Projetos\_Web\mytwitter\src\com\twitter\dao\MessageDao.java
UNDEFINED,com.twitter.dao.MessageDao,addMsg,5,1,4,5,0,1458,D:\Projetos\_Web\mytwitter\src\com\twitter\dao\MessageDao.java
UNDEFINED,com.twitter.dao.MessageDao,shuaXin,6,2,4,3,0,697,D:\Projetos\_Web\mytwitter\src\com\twitter\dao\MessageDao.java
HTTPSERVLET,com.twitter.servlet.AdminServlet,toUpdateState,14,3,5,2,0,2256,D:\Projetos\_Web\mytwitter\src\com\twitter\servlet\AdminServlet.java
HTTPSERVLET,com.twitter.servlet.AdminServlet,doCheck,12,2,6,2,0,6635,D:\Projetos\_Web\mytwitter\src\com\twitter\servlet\AdminServlet.java
HTTPSERVLET,com.twitter.servlet.AdminServlet,doAddLogin,22,4,10,2,0,7124,D:\Projetos\_Web\mytwitter\src\com\twitter\servlet\AdminServlet.java
HTTPSERVLET,com.twitter.servlet.AdminServlet,toExit,16,2,10,2,0,6005,D:\Projetos\_Web\mytwitter\src\com\twitter\servlet\AdminServlet.java
HTTPSERVLET,com.twitter.servlet.AdminServlet,service,26,8,9,2,0,1437,D:\Projetos\_Web\mytwitter\src\com\twitter\servlet\AdminServlet.java
HTTPSERVLET,com.twitter.servlet.AdminServlet,toGetInfo,40,10,13,2,0,4091,D:\Projetos\_Web\mytwitter\src\com\twitter\servlet\AdminServlet.java
HTTPSERVLET,com.twitter.servlet.AdminServlet,toDelTweet,9,3,7,2,0,2710,D:\Projetos\_Web\mytwitter\src\com\twitter\servlet\AdminServlet.java
HTTPSERVLET,com.twitter.servlet.AdminServlet,toGetTweet,28,7,10,2,0,3125,D:\Projetos\_Web\mytwitter\src\com\twitter\servlet\AdminServlet.java
HTTPSERVLET,com.twitter.servlet.AdminServlet,toCatNum,14,2,11,2,0,5360,D:\Projetos\_Web\mytwitter\src\com\twitter\servlet\AdminServlet.java
HTTPSERVLET,com.twitter.servlet.ConcernServlet,service,41,8,13,2,0,887,D:\Projetos\_Web\mytwitter\src\com\twitter\servlet\ConcernServlet.java
ENTITY,com.twitter.pojo.Signin,setStime,3,1,2,1,0,437,D:\Projetos\_Web\mytwitter\src\com\twitter\pojo\Signin.java
ENTITY,com.twitter.pojo.Signin,getUid,3,1,1,0,0,280,D:\Projetos\_Web\mytwitter\src\com\twitter\pojo\Signin.java
ENTITY,com.twitter.pojo.Signin,setSdtime,3,1,2,1,0,565,D:\Projetos\_Web\mytwitter\src\com\twitter\pojo\Signin.java
ENTITY,com.twitter.pojo.Signin,getStime,3,1,1,0,0,382,D:\Projetos\_Web\mytwitter\src\com\twitter\pojo\Signin.java
ENTITY,com.twitter.pojo.Signin,getSdtime,3,1,1,0,0,508,D:\Projetos\_Web\mytwitter\src\com\twitter\pojo\Signin.java
ENTITY,com.twitter.pojo.Signin,getSid,3,1,1,0,0,178,D:\Projetos\_Web\mytwitter\src\com\twitter\pojo\Signin.java
ENTITY,com.twitter.pojo.Signin,setUid,3,1,2,1,0,325,D:\Projetos\_Web\mytwitter\src\com\twitter\pojo\Signin.java
ENTITY,com.twitter.pojo.Signin,setSid,3,1,2,1,0,223,D:\Projetos\_Web\mytwitter\src\com\twitter\pojo\Signin.java
UNDEFINED,com.twitter.util.Times,getSystemTime,7,1,5,0,0,172,D:\Projetos\_Web\mytwitter\src\com\twitter\util\Times.java
UNDEFINED,com.twitter.dao.TweetsDao,getTid,8,2,5,3,0,4964,D:\Projetos\_Web\mytwitter\src\com\twitter\dao\TweetsDao.java
UNDEFINED,com.twitter.dao.TweetsDao,addPicTweet,5,1,4,4,0,4328,D:\Projetos\_Web\mytwitter\src\com\twitter\dao\TweetsDao.java
UNDEFINED,com.twitter.dao.TweetsDao,getNewTweets,27,7,7,3,0,312,D:\Projetos\_Web\mytwitter\src\com\twitter\dao\TweetsDao.java
UNDEFINED,com.twitter.dao.TweetsDao,addLikesNum,7,2,3,2,0,5272,D:\Projetos\_Web\mytwitter\src\com\twitter\dao\TweetsDao.java
UNDEFINED,com.twitter.dao.TweetsDao,getTwettNum,3,1,3,1,0,240,D:\Projetos\_Web\mytwitter\src\com\twitter\dao\TweetsDao.java
UNDEFINED,com.twitter.dao.TweetsDao,getTweet,8,2,4,1,0,3680,D:\Projetos\_Web\mytwitter\src\com\twitter\dao\TweetsDao.java
UNDEFINED,com.twitter.dao.TweetsDao,getTweetsByTid,8,2,5,1,0,4579,D:\Projetos\_Web\mytwitter\src\com\twitter\dao\TweetsDao.java
UNDEFINED,com.twitter.dao.TweetsDao,getTweets,8,2,4,2,0,1470,D:\Projetos\_Web\mytwitter\src\com\twitter\dao\TweetsDao.java
UNDEFINED,com.twitter.dao.TweetsDao,getTweets,8,2,4,1,0,1929,D:\Projetos\_Web\mytwitter\src\com\twitter\dao\TweetsDao.java
UNDEFINED,com.twitter.dao.TweetsDao,delTweet,5,1,3,1,0,1307,D:\Projetos\_Web\mytwitter\src\com\twitter\dao\TweetsDao.java
UNDEFINED,com.twitter.dao.TweetsDao,addReplyNum,7,2,3,2,0,5555,D:\Projetos\_Web\mytwitter\src\com\twitter\dao\TweetsDao.java
UNDEFINED,com.twitter.dao.TweetsDao,getAllTweets,12,3,5,3,0,2360,D:\Projetos\_Web\mytwitter\src\com\twitter\dao\TweetsDao.java
UNDEFINED,com.twitter.dao.TweetsDao,getAllTweets,14,3,5,3,0,2945,D:\Projetos\_Web\mytwitter\src\com\twitter\dao\TweetsDao.java
UNDEFINED,com.twitter.dao.TweetsDao,addForwardNum,7,2,3,2,0,5842,D:\Projetos\_Web\mytwitter\src\com\twitter\dao\TweetsDao.java
UNDEFINED,com.twitter.dao.TweetsDao,addTweet,5,1,4,4,0,4086,D:\Projetos\_Web\mytwitter\src\com\twitter\dao\TweetsDao.java
ENTITY,com.twitter.pojo.Utweets,getZaned,3,1,1,0,0,693,D:\Projetos\_Web\mytwitter\src\com\twitter\pojo\Utweets.java
ENTITY,com.twitter.pojo.Utweets,getTtime,3,1,1,0,0,1643,D:\Projetos\_Web\mytwitter\src\com\twitter\pojo\Utweets.java
ENTITY,com.twitter.pojo.Utweets,setUpwd,3,1,2,1,0,2545,D:\Projetos\_Web\mytwitter\src\com\twitter\pojo\Utweets.java
ENTITY,com.twitter.pojo.Utweets,setUabout,3,1,2,1,0,3053,D:\Projetos\_Web\mytwitter\src\com\twitter\pojo\Utweets.java
ENTITY,com.twitter.pojo.Utweets,setUfollow,3,1,2,1,0,3640,D:\Projetos\_Web\mytwitter\src\com\twitter\pojo\Utweets.java
ENTITY,com.twitter.pojo.Utweets,getTid,3,1,1,0,0,1187,D:\Projetos\_Web\mytwitter\src\com\twitter\pojo\Utweets.java
ENTITY,com.twitter.pojo.Utweets,getUtweets,3,1,1,0,0,1053,D:\Projetos\_Web\mytwitter\src\com\twitter\pojo\Utweets.java
ENTITY,com.twitter.pojo.Utweets,setUlogo,3,1,2,1,0,3177,D:\Projetos\_Web\mytwitter\src\com\twitter\pojo\Utweets.java
ENTITY,com.twitter.pojo.Utweets,getUfollow,3,1,1,0,0,3587,D:\Projetos\_Web\mytwitter\src\com\twitter\pojo\Utweets.java
ENTITY,com.twitter.pojo.Utweets,setTid,3,1,2,1,0,1346,D:\Projetos\_Web\mytwitter\src\com\twitter\pojo\Utweets.java
ENTITY,com.twitter.pojo.Utweets,getUfans,3,1,1,0,0,3353,D:\Projetos\_Web\mytwitter\src\com\twitter\pojo\Utweets.java
ENTITY,com.twitter.pojo.Utweets,setTime,3,1,2,1,0,1282,D:\Projetos\_Web\mytwitter\src\com\twitter\pojo\Utweets.java
ENTITY,com.twitter.pojo.Utweets,setUbg,3,1,2,1,0,3293,D:\Projetos\_Web\mytwitter\src\com\twitter\pojo\Utweets.java
ENTITY,com.twitter.pojo.Utweets,getUcolor,3,1,1,0,0,3713,D:\Projetos\_Web\mytwitter\src\com\twitter\pojo\Utweets.java
ENTITY,com.twitter.pojo.Utweets,getTime,3,1,1,0,0,1232,D:\Projetos\_Web\mytwitter\src\com\twitter\pojo\Utweets.java
ENTITY,com.twitter.pojo.Utweets,setTforward,3,1,2,1,0,2184,D:\Projetos\_Web\mytwitter\src\com\twitter\pojo\Utweets.java
ENTITY,com.twitter.pojo.Utweets,setUrealname,3,1,2,1,0,2669,D:\Projetos\_Web\mytwitter\src\com\twitter\pojo\Utweets.java
ENTITY,com.twitter.pojo.Utweets,getUid,3,1,1,0,0,1403,D:\Projetos\_Web\mytwitter\src\com\twitter\pojo\Utweets.java
ENTITY,com.twitter.pojo.Utweets,setUcolor,3,1,2,1,0,3767,D:\Projetos\_Web\mytwitter\src\com\twitter\pojo\Utweets.java
ENTITY,com.twitter.pojo.Utweets,setUname,3,1,2,1,0,2427,D:\Projetos\_Web\mytwitter\src\com\twitter\pojo\Utweets.java
ENTITY,com.twitter.pojo.Utweets,setTlike,3,1,2,1,0,2310,D:\Projetos\_Web\mytwitter\src\com\twitter\pojo\Utweets.java
ENTITY,com.twitter.pojo.Utweets,getUabout,3,1,1,0,0,2999,D:\Projetos\_Web\mytwitter\src\com\twitter\pojo\Utweets.java
ENTITY,com.twitter.pojo.Utweets,setZhuaned,3,1,2,1,0,860,D:\Projetos\_Web\mytwitter\src\com\twitter\pojo\Utweets.java
ENTITY,com.twitter.pojo.Utweets,getTzhuan,3,1,1,0,0,933,D:\Projetos\_Web\mytwitter\src\com\twitter\pojo\Utweets.java
ENTITY,com.twitter.pojo.Utweets,getUonline,3,1,1,0,0,2873,D:\Projetos\_Web\mytwitter\src\com\twitter\pojo\Utweets.java
ENTITY,com.twitter.pojo.Utweets,setUonline,3,1,2,1,0,2926,D:\Projetos\_Web\mytwitter\src\com\twitter\pojo\Utweets.java
ENTITY,com.twitter.pojo.Utweets,setTvideo,3,1,2,1,0,1937,D:\Projetos\_Web\mytwitter\src\com\twitter\pojo\Utweets.java
ENTITY,com.twitter.pojo.Utweets,getZhuaned,3,1,1,0,0,807,D:\Projetos\_Web\mytwitter\src\com\twitter\pojo\Utweets.java
ENTITY,com.twitter.pojo.Utweets,getUpwd,3,1,1,0,0,2495,D:\Projetos\_Web\mytwitter\src\com\twitter\pojo\Utweets.java
ENTITY,com.twitter.pojo.Utweets,getUaite,3,1,1,0,0,2753,D:\Projetos\_Web\mytwitter\src\com\twitter\pojo\Utweets.java
ENTITY,com.twitter.pojo.Utweets,getTcontent,3,1,1,0,0,1505,D:\Projetos\_Web\mytwitter\src\com\twitter\pojo\Utweets.java
ENTITY,com.twitter.pojo.Utweets,setZaned,3,1,2,1,0,742,D:\Projetos\_Web\mytwitter\src\com\twitter\pojo\Utweets.java
ENTITY,com.twitter.pojo.Utweets,setTreply,3,1,2,1,0,2060,D:\Projetos\_Web\mytwitter\src\com\twitter\pojo\Utweets.java
ENTITY,com.twitter.pojo.Utweets,setUaite,3,1,2,1,0,2805,D:\Projetos\_Web\mytwitter\src\com\twitter\pojo\Utweets.java
ENTITY,com.twitter.pojo.Utweets,getUlogo,3,1,1,0,0,3125,D:\Projetos\_Web\mytwitter\src\com\twitter\pojo\Utweets.java
ENTITY,com.twitter.pojo.Utweets,setTtime,3,1,2,1,0,1698,D:\Projetos\_Web\mytwitter\src\com\twitter\pojo\Utweets.java
ENTITY,com.twitter.pojo.Utweets,getUrealname,3,1,1,0,0,2609,D:\Projetos\_Web\mytwitter\src\com\twitter\pojo\Utweets.java
ENTITY,com.twitter.pojo.Utweets,getUbg,3,1,1,0,0,3245,D:\Projetos\_Web\mytwitter\src\com\twitter\pojo\Utweets.java
ENTITY,com.twitter.pojo.Utweets,setUtweet,3,1,2,1,0,3518,D:\Projetos\_Web\mytwitter\src\com\twitter\pojo\Utweets.java
ENTITY,com.twitter.pojo.Utweets,getUtweet,3,1,1,0,0,3467,D:\Projetos\_Web\mytwitter\src\com\twitter\pojo\Utweets.java
ENTITY,com.twitter.pojo.Utweets,setUtweets,3,1,1,1,0,1110,D:\Projetos\_Web\mytwitter\src\com\twitter\pojo\Utweets.java
ENTITY,com.twitter.pojo.Utweets,getTforward,3,1,1,0,0,2129,D:\Projetos\_Web\mytwitter\src\com\twitter\pojo\Utweets.java
ENTITY,com.twitter.pojo.Utweets,setTpic,3,1,2,1,0,1819,D:\Projetos\_Web\mytwitter\src\com\twitter\pojo\Utweets.java
ENTITY,com.twitter.pojo.Utweets,getTlike,3,1,1,0,0,2261,D:\Projetos\_Web\mytwitter\src\com\twitter\pojo\Utweets.java
ENTITY,com.twitter.pojo.Utweets,getTreply,3,1,1,0,0,2009,D:\Projetos\_Web\mytwitter\src\com\twitter\pojo\Utweets.java
ENTITY,com.twitter.pojo.Utweets,setTcontent,3,1,2,1,0,1563,D:\Projetos\_Web\mytwitter\src\com\twitter\pojo\Utweets.java
ENTITY,com.twitter.pojo.Utweets,setUfans,3,1,2,1,0,3402,D:\Projetos\_Web\mytwitter\src\com\twitter\pojo\Utweets.java
ENTITY,com.twitter.pojo.Utweets,setTzhuan,3,1,2,1,0,984,D:\Projetos\_Web\mytwitter\src\com\twitter\pojo\Utweets.java
ENTITY,com.twitter.pojo.Utweets,setUid,3,1,2,1,0,1448,D:\Projetos\_Web\mytwitter\src\com\twitter\pojo\Utweets.java
ENTITY,com.twitter.pojo.Utweets,getTpic,3,1,1,0,0,1769,D:\Projetos\_Web\mytwitter\src\com\twitter\pojo\Utweets.java
ENTITY,com.twitter.pojo.Utweets,getUname,3,1,1,0,0,2375,D:\Projetos\_Web\mytwitter\src\com\twitter\pojo\Utweets.java
ENTITY,com.twitter.pojo.Utweets,getTvideo,3,1,1,0,0,1883,D:\Projetos\_Web\mytwitter\src\com\twitter\pojo\Utweets.java
ENTITY,com.twitter.pojo.Notification,setNreuid,3,1,2,1,0,1094,D:\Projetos\_Web\mytwitter\src\com\twitter\pojo\Notification.java
ENTITY,com.twitter.pojo.Notification,getUtweetstwo,3,1,1,0,0,841,D:\Projetos\_Web\mytwitter\src\com\twitter\pojo\Notification.java
ENTITY,com.twitter.pojo.Notification,setNtime,3,1,2,1,0,2412,D:\Projetos\_Web\mytwitter\src\com\twitter\pojo\Notification.java
ENTITY,com.twitter.pojo.Notification,setUtweets,3,1,2,1,0,1334,D:\Projetos\_Web\mytwitter\src\com\twitter\pojo\Notification.java
ENTITY,com.twitter.pojo.Notification,getNtype,3,1,1,0,0,1739,D:\Projetos\_Web\mytwitter\src\com\twitter\pojo\Notification.java
ENTITY,com.twitter.pojo.Notification,getNhuiuid,3,1,1,0,0,445,D:\Projetos\_Web\mytwitter\src\com\twitter\pojo\Notification.java
ENTITY,com.twitter.pojo.Notification,setTime,3,1,2,1,0,1213,D:\Projetos\_Web\mytwitter\src\com\twitter\pojo\Notification.java
ENTITY,com.twitter.pojo.Notification,setNstate,3,1,2,1,0,2534,D:\Projetos\_Web\mytwitter\src\com\twitter\pojo\Notification.java
ENTITY,com.twitter.pojo.Notification,getNid,3,1,1,0,0,1529,D:\Projetos\_Web\mytwitter\src\com\twitter\pojo\Notification.java
ENTITY,com.twitter.pojo.Notification,setNhuiuid,3,1,2,1,0,498,D:\Projetos\_Web\mytwitter\src\com\twitter\pojo\Notification.java
ENTITY,com.twitter.pojo.Notification,setNlikeuid,3,1,2,1,0,1908,D:\Projetos\_Web\mytwitter\src\com\twitter\pojo\Notification.java
ENTITY,com.twitter.pojo.Notification,setNuided,3,1,2,1,0,2288,D:\Projetos\_Web\mytwitter\src\com\twitter\pojo\Notification.java
ENTITY,com.twitter.pojo.Notification,getNuid,3,1,1,0,0,1631,D:\Projetos\_Web\mytwitter\src\com\twitter\pojo\Notification.java
ENTITY,com.twitter.pojo.Notification,setNuid,3,1,2,1,0,1678,D:\Projetos\_Web\mytwitter\src\com\twitter\pojo\Notification.java
ENTITY,com.twitter.pojo.Notification,getNliketid,3,1,1,0,0,1985,D:\Projetos\_Web\mytwitter\src\com\twitter\pojo\Notification.java
ENTITY,com.twitter.pojo.Notification,getNretid,3,1,1,0,0,2117,D:\Projetos\_Web\mytwitter\src\com\twitter\pojo\Notification.java
ENTITY,com.twitter.pojo.Notification,getTime,3,1,1,0,0,1163,D:\Projetos\_Web\mytwitter\src\com\twitter\pojo\Notification.java
ENTITY,com.twitter.pojo.Notification,setNretid,3,1,2,1,0,2168,D:\Projetos\_Web\mytwitter\src\com\twitter\pojo\Notification.java
ENTITY,com.twitter.pojo.Notification,getNreuid,3,1,1,0,0,1043,D:\Projetos\_Web\mytwitter\src\com\twitter\pojo\Notification.java
ENTITY,com.twitter.pojo.Notification,getNlikeuid,3,1,1,0,0,1853,D:\Projetos\_Web\mytwitter\src\com\twitter\pojo\Notification.java
ENTITY,com.twitter.pojo.Notification,setNtype,3,1,2,1,0,1788,D:\Projetos\_Web\mytwitter\src\com\twitter\pojo\Notification.java
ENTITY,com.twitter.pojo.Notification,getNstate,3,1,1,0,0,2483,D:\Projetos\_Web\mytwitter\src\com\twitter\pojo\Notification.java
ENTITY,com.twitter.pojo.Notification,getNhuitid,3,1,1,0,0,571,D:\Projetos\_Web\mytwitter\src\com\twitter\pojo\Notification.java
ENTITY,com.twitter.pojo.Notification,getNuided,3,1,1,0,0,2237,D:\Projetos\_Web\mytwitter\src\com\twitter\pojo\Notification.java
ENTITY,com.twitter.pojo.Notification,getUtweets,3,1,1,0,0,1277,D:\Projetos\_Web\mytwitter\src\com\twitter\pojo\Notification.java
ENTITY,com.twitter.pojo.Notification,setNliketid,3,1,2,1,0,2040,D:\Projetos\_Web\mytwitter\src\com\twitter\pojo\Notification.java
ENTITY,com.twitter.pojo.Notification,setNhuitid,3,1,2,1,0,624,D:\Projetos\_Web\mytwitter\src\com\twitter\pojo\Notification.java
ENTITY,com.twitter.pojo.Notification,setUser,3,1,2,1,0,1463,D:\Projetos\_Web\mytwitter\src\com\twitter\pojo\Notification.java
ENTITY,com.twitter.pojo.Notification,setNrcontent,3,1,2,1,0,757,D:\Projetos\_Web\mytwitter\src\com\twitter\pojo\Notification.java
ENTITY,com.twitter.pojo.Notification,setUtweetstwo,3,1,2,1,0,904,D:\Projetos\_Web\mytwitter\src\com\twitter\pojo\Notification.java
ENTITY,com.twitter.pojo.Notification,getNrcontent,3,1,1,0,0,697,D:\Projetos\_Web\mytwitter\src\com\twitter\pojo\Notification.java
ENTITY,com.twitter.pojo.Notification,getUser,3,1,1,0,0,1411,D:\Projetos\_Web\mytwitter\src\com\twitter\pojo\Notification.java
ENTITY,com.twitter.pojo.Notification,setNid,3,1,2,1,0,1574,D:\Projetos\_Web\mytwitter\src\com\twitter\pojo\Notification.java
ENTITY,com.twitter.pojo.Notification,getNtime,3,1,1,0,0,2357,D:\Projetos\_Web\mytwitter\src\com\twitter\pojo\Notification.java
HTTPSERVLET,com.twitter.servlet.LikesServlet,service,23,6,12,2,0,823,D:\Projetos\_Web\mytwitter\src\com\twitter\servlet\LikesServlet.java
ENTITY,com.twitter.pojo.Usersall,getUpwd,3,1,1,0,0,1038,D:\Projetos\_Web\mytwitter\src\com\twitter\pojo\Usersall.java
ENTITY,com.twitter.pojo.Usersall,getUaddress,3,1,1,0,0,1788,D:\Projetos\_Web\mytwitter\src\com\twitter\pojo\Usersall.java
ENTITY,com.twitter.pojo.Usersall,setUaite,3,1,2,1,0,1348,D:\Projetos\_Web\mytwitter\src\com\twitter\pojo\Usersall.java
ENTITY,com.twitter.pojo.Usersall,getUcolor,3,1,1,0,0,2766,D:\Projetos\_Web\mytwitter\src\com\twitter\pojo\Usersall.java
ENTITY,com.twitter.pojo.Usersall,getUname,3,1,1,0,0,918,D:\Projetos\_Web\mytwitter\src\com\twitter\pojo\Usersall.java
ENTITY,com.twitter.pojo.Usersall,setUstate,3,1,2,1,0,1467,D:\Projetos\_Web\mytwitter\src\com\twitter\pojo\Usersall.java
ENTITY,com.twitter.pojo.Usersall,setUtweet,3,1,2,1,0,2571,D:\Projetos\_Web\mytwitter\src\com\twitter\pojo\Usersall.java
ENTITY,com.twitter.pojo.Usersall,setUaddress,3,1,2,1,0,1846,D:\Projetos\_Web\mytwitter\src\com\twitter\pojo\Usersall.java
ENTITY,com.twitter.pojo.Usersall,setUfollow,3,1,2,1,0,2693,D:\Projetos\_Web\mytwitter\src\com\twitter\pojo\Usersall.java
ENTITY,com.twitter.pojo.Usersall,getUrealname,3,1,1,0,0,1152,D:\Projetos\_Web\mytwitter\src\com\twitter\pojo\Usersall.java
ENTITY,com.twitter.pojo.Usersall,setUtime,3,1,2,1,0,1591,D:\Projetos\_Web\mytwitter\src\com\twitter\pojo\Usersall.java
ENTITY,com.twitter.pojo.Usersall,setUname,3,1,2,1,0,970,D:\Projetos\_Web\mytwitter\src\com\twitter\pojo\Usersall.java
ENTITY,com.twitter.pojo.Usersall,getLastTime,3,1,1,0,0,546,D:\Projetos\_Web\mytwitter\src\com\twitter\pojo\Usersall.java
ENTITY,com.twitter.pojo.Usersall,setLastTime,3,1,2,1,0,607,D:\Projetos\_Web\mytwitter\src\com\twitter\pojo\Usersall.java
ENTITY,com.twitter.pojo.Usersall,getUfollow,3,1,1,0,0,2640,D:\Projetos\_Web\mytwitter\src\com\twitter\pojo\Usersall.java
ENTITY,com.twitter.pojo.Usersall,getUtime,3,1,1,0,0,1536,D:\Projetos\_Web\mytwitter\src\com\twitter\pojo\Usersall.java
ENTITY,com.twitter.pojo.Usersall,setUbg,3,1,2,1,0,2346,D:\Projetos\_Web\mytwitter\src\com\twitter\pojo\Usersall.java
ENTITY,com.twitter.pojo.Usersall,setUrealname,3,1,2,1,0,1212,D:\Projetos\_Web\mytwitter\src\com\twitter\pojo\Usersall.java
ENTITY,com.twitter.pojo.Usersall,setUid,3,1,2,1,0,861,D:\Projetos\_Web\mytwitter\src\com\twitter\pojo\Usersall.java
ENTITY,com.twitter.pojo.Usersall,setUlogo,3,1,2,1,0,2230,D:\Projetos\_Web\mytwitter\src\com\twitter\pojo\Usersall.java
ENTITY,com.twitter.pojo.Usersall,setUabout,3,1,2,1,0,1980,D:\Projetos\_Web\mytwitter\src\com\twitter\pojo\Usersall.java
ENTITY,com.twitter.pojo.Usersall,setUdate,3,1,2,1,0,2107,D:\Projetos\_Web\mytwitter\src\com\twitter\pojo\Usersall.java
ENTITY,com.twitter.pojo.Usersall,getGuanzhu,3,1,1,0,0,690,D:\Projetos\_Web\mytwitter\src\com\twitter\pojo\Usersall.java
ENTITY,com.twitter.pojo.Usersall,getUid,3,1,1,0,0,816,D:\Projetos\_Web\mytwitter\src\com\twitter\pojo\Usersall.java
ENTITY,com.twitter.pojo.Usersall,getUstate,3,1,1,0,0,1416,D:\Projetos\_Web\mytwitter\src\com\twitter\pojo\Usersall.java
ENTITY,com.twitter.pojo.Usersall,getUtweet,3,1,1,0,0,2520,D:\Projetos\_Web\mytwitter\src\com\twitter\pojo\Usersall.java
ENTITY,com.twitter.pojo.Usersall,setGuanzhu,3,1,2,1,0,743,D:\Projetos\_Web\mytwitter\src\com\twitter\pojo\Usersall.java
ENTITY,com.twitter.pojo.Usersall,setUonline,3,1,2,1,0,1715,D:\Projetos\_Web\mytwitter\src\com\twitter\pojo\Usersall.java
ENTITY,com.twitter.pojo.Usersall,getUbg,3,1,1,0,0,2298,D:\Projetos\_Web\mytwitter\src\com\twitter\pojo\Usersall.java
ENTITY,com.twitter.pojo.Usersall,setUfans,3,1,2,1,0,2455,D:\Projetos\_Web\mytwitter\src\com\twitter\pojo\Usersall.java
ENTITY,com.twitter.pojo.Usersall,getUlogo,3,1,1,0,0,2178,D:\Projetos\_Web\mytwitter\src\com\twitter\pojo\Usersall.java
ENTITY,com.twitter.pojo.Usersall,getUabout,3,1,1,0,0,1926,D:\Projetos\_Web\mytwitter\src\com\twitter\pojo\Usersall.java
ENTITY,com.twitter.pojo.Usersall,setUcolor,3,1,2,1,0,2820,D:\Projetos\_Web\mytwitter\src\com\twitter\pojo\Usersall.java
ENTITY,com.twitter.pojo.Usersall,getUaite,3,1,1,0,0,1296,D:\Projetos\_Web\mytwitter\src\com\twitter\pojo\Usersall.java
ENTITY,com.twitter.pojo.Usersall,getUfans,3,1,1,0,0,2406,D:\Projetos\_Web\mytwitter\src\com\twitter\pojo\Usersall.java
ENTITY,com.twitter.pojo.Usersall,setUpwd,3,1,2,1,0,1088,D:\Projetos\_Web\mytwitter\src\com\twitter\pojo\Usersall.java
ENTITY,com.twitter.pojo.Usersall,getUdate,3,1,1,0,0,2052,D:\Projetos\_Web\mytwitter\src\com\twitter\pojo\Usersall.java
ENTITY,com.twitter.pojo.Usersall,getUonline,3,1,1,0,0,1662,D:\Projetos\_Web\mytwitter\src\com\twitter\pojo\Usersall.java
UNDEFINED,com.twitter.util.Upload,upload,43,16,12,3,0,431,D:\Projetos\_Web\mytwitter\src\com\twitter\util\Upload.java
ENTITY,com.twitter.pojo.Replys,getRid,3,1,1,0,0,196,D:\Projetos\_Web\mytwitter\src\com\twitter\pojo\Replys.java
ENTITY,com.twitter.pojo.Replys,setRid,3,1,2,1,0,241,D:\Projetos\_Web\mytwitter\src\com\twitter\pojo\Replys.java
ENTITY,com.twitter.pojo.Replys,setUid,3,1,2,1,0,343,D:\Projetos\_Web\mytwitter\src\com\twitter\pojo\Replys.java
ENTITY,com.twitter.pojo.Replys,setRtime,3,1,2,1,0,695,D:\Projetos\_Web\mytwitter\src\com\twitter\pojo\Replys.java
ENTITY,com.twitter.pojo.Replys,setRcontent,3,1,2,1,0,560,D:\Projetos\_Web\mytwitter\src\com\twitter\pojo\Replys.java
ENTITY,com.twitter.pojo.Replys,getTid,3,1,1,0,0,400,D:\Projetos\_Web\mytwitter\src\com\twitter\pojo\Replys.java
ENTITY,com.twitter.pojo.Replys,setTid,3,1,2,1,0,445,D:\Projetos\_Web\mytwitter\src\com\twitter\pojo\Replys.java
ENTITY,com.twitter.pojo.Replys,getRcontent,3,1,1,0,0,502,D:\Projetos\_Web\mytwitter\src\com\twitter\pojo\Replys.java
ENTITY,com.twitter.pojo.Replys,getUid,3,1,1,0,0,298,D:\Projetos\_Web\mytwitter\src\com\twitter\pojo\Replys.java
ENTITY,com.twitter.pojo.Replys,getRtime,3,1,1,0,0,640,D:\Projetos\_Web\mytwitter\src\com\twitter\pojo\Replys.java
HTTPSERVLET,com.twitter.servlet.SigninServlet,service,8,2,5,2,0,696,D:\Projetos\_Web\mytwitter\src\com\twitter\servlet\SigninServlet.java
HTTPSERVLET,com.twitter.servlet.SigninServlet,toOnline,16,2,10,2,0,1064,D:\Projetos\_Web\mytwitter\src\com\twitter\servlet\SigninServlet.java
UNDEFINED,com.twitter.util.DBUtil,uniqueQuery,20,3,7,2,0,6294,D:\Projetos\_Web\mytwitter\src\com\twitter\util\DBUtil.java
UNDEFINED,com.twitter.util.DBUtil,getConnection,5,1,5,0,0,727,D:\Projetos\_Web\mytwitter\src\com\twitter\util\DBUtil.java
UNDEFINED,com.twitter.util.DBUtil,(static_block),0,3,0,0,0,0,D:\Projetos\_Web\mytwitter\src\com\twitter\util\DBUtil.java
UNDEFINED,com.twitter.util.DBUtil,releaseConnection,3,1,2,1,0,851,D:\Projetos\_Web\mytwitter\src\com\twitter\util\DBUtil.java
UNDEFINED,com.twitter.util.DBUtil,query,30,5,13,3,0,935,D:\Projetos\_Web\mytwitter\src\com\twitter\util\DBUtil.java
UNDEFINED,com.twitter.util.DBUtil,query,31,5,13,4,0,1800,D:\Projetos\_Web\mytwitter\src\com\twitter\util\DBUtil.java
UNDEFINED,com.twitter.util.DBUtil,query,35,6,13,5,0,2711,D:\Projetos\_Web\mytwitter\src\com\twitter\util\DBUtil.java
UNDEFINED,com.twitter.util.DBUtil,query,36,6,13,5,0,3705,D:\Projetos\_Web\mytwitter\src\com\twitter\util\DBUtil.java
UNDEFINED,com.twitter.util.DBUtil,query,29,4,6,1,0,4732,D:\Projetos\_Web\mytwitter\src\com\twitter\util\DBUtil.java
UNDEFINED,com.twitter.util.DBUtil,update,18,3,6,2,0,5889,D:\Projetos\_Web\mytwitter\src\com\twitter\util\DBUtil.java
UNDEFINED,com.twitter.util.DBUtil,queryUserNum,19,3,6,0,0,5464,D:\Projetos\_Web\mytwitter\src\com\twitter\util\DBUtil.java
ENTITY,com.twitter.pojo.Concern,getCstate,3,1,1,0,0,469,D:\Projetos\_Web\mytwitter\src\com\twitter\pojo\Concern.java
ENTITY,com.twitter.pojo.Concern,setCstate,3,1,2,1,0,520,D:\Projetos\_Web\mytwitter\src\com\twitter\pojo\Concern.java
ENTITY,com.twitter.pojo.Concern,getF_uid,3,1,1,0,0,241,D:\Projetos\_Web\mytwitter\src\com\twitter\pojo\Concern.java
ENTITY,com.twitter.pojo.Concern,setS_uid,3,1,2,1,0,404,D:\Projetos\_Web\mytwitter\src\com\twitter\pojo\Concern.java
ENTITY,com.twitter.pojo.Concern,setF_uid,3,1,2,1,0,290,D:\Projetos\_Web\mytwitter\src\com\twitter\pojo\Concern.java
ENTITY,com.twitter.pojo.Concern,getS_uid,3,1,1,0,0,355,D:\Projetos\_Web\mytwitter\src\com\twitter\pojo\Concern.java
ENTITY,com.twitter.pojo.Concern,getCid,3,1,1,0,0,139,D:\Projetos\_Web\mytwitter\src\com\twitter\pojo\Concern.java
ENTITY,com.twitter.pojo.Concern,setCid,3,1,2,1,0,184,D:\Projetos\_Web\mytwitter\src\com\twitter\pojo\Concern.java
ENTITY,com.twitter.pojo.Likes,setUid,3,1,2,1,0,315,D:\Projetos\_Web\mytwitter\src\com\twitter\pojo\Likes.java
ENTITY,com.twitter.pojo.Likes,setTid,3,1,2,1,0,417,D:\Projetos\_Web\mytwitter\src\com\twitter\pojo\Likes.java
ENTITY,com.twitter.pojo.Likes,getLtime,3,1,1,0,0,474,D:\Projetos\_Web\mytwitter\src\com\twitter\pojo\Likes.java
ENTITY,com.twitter.pojo.Likes,setLid,3,1,2,1,0,213,D:\Projetos\_Web\mytwitter\src\com\twitter\pojo\Likes.java
ENTITY,com.twitter.pojo.Likes,getUid,3,1,1,0,0,270,D:\Projetos\_Web\mytwitter\src\com\twitter\pojo\Likes.java
ENTITY,com.twitter.pojo.Likes,getTid,3,1,1,0,0,372,D:\Projetos\_Web\mytwitter\src\com\twitter\pojo\Likes.java
ENTITY,com.twitter.pojo.Likes,getLid,3,1,1,0,0,168,D:\Projetos\_Web\mytwitter\src\com\twitter\pojo\Likes.java
ENTITY,com.twitter.pojo.Likes,setLtime,3,1,2,1,0,529,D:\Projetos\_Web\mytwitter\src\com\twitter\pojo\Likes.java
HTTPSERVLET,com.twitter.servlet.TweetServletTwo,toGetTweet,32,6,15,2,0,10688,D:\Projetos\_Web\mytwitter\src\com\twitter\servlet\TweetServletTwo.java
HTTPSERVLET,com.twitter.servlet.TweetServletTwo,toGetTweets,53,12,18,2,0,7323,D:\Projetos\_Web\mytwitter\src\com\twitter\servlet\TweetServletTwo.java
HTTPSERVLET,com.twitter.servlet.TweetServletTwo,getJsonObj,41,6,4,25,0,11833,D:\Projetos\_Web\mytwitter\src\com\twitter\servlet\TweetServletTwo.java
HTTPSERVLET,com.twitter.servlet.TweetServletTwo,roll,51,9,15,2,0,13797,D:\Projetos\_Web\mytwitter\src\com\twitter\servlet\TweetServletTwo.java
HTTPSERVLET,com.twitter.servlet.TweetServletTwo,toNew,40,4,15,2,0,9124,D:\Projetos\_Web\mytwitter\src\com\twitter\servlet\TweetServletTwo.java
HTTPSERVLET,com.twitter.servlet.TweetServletTwo,getNewTweets,68,13,16,2,0,4675,D:\Projetos\_Web\mytwitter\src\com\twitter\servlet\TweetServletTwo.java
HTTPSERVLET,com.twitter.servlet.TweetServletTwo,toZhuanTui,22,3,16,2,0,3513,D:\Projetos\_Web\mytwitter\src\com\twitter\servlet\TweetServletTwo.java
HTTPSERVLET,com.twitter.servlet.TweetServletTwo,delTweet,13,2,9,2,0,6817,D:\Projetos\_Web\mytwitter\src\com\twitter\servlet\TweetServletTwo.java
HTTPSERVLET,com.twitter.servlet.TweetServletTwo,service,41,11,11,2,0,1677,D:\Projetos\_Web\mytwitter\src\com\twitter\servlet\TweetServletTwo.java
HTTPSERVLET,com.twitter.servlet.TweetServletTwo,toHuiFu,15,3,12,2,0,2728,D:\Projetos\_Web\mytwitter\src\com\twitter\servlet\TweetServletTwo.java
UNDEFINED,com.twitter.dao.SigninDao,selSignal,8,2,6,2,0,625,D:\Projetos\_Web\mytwitter\src\com\twitter\dao\SigninDao.java
UNDEFINED,com.twitter.dao.SigninDao,updateSignin,5,1,4,2,0,907,D:\Projetos\_Web\mytwitter\src\com\twitter\dao\SigninDao.java
UNDEFINED,com.twitter.dao.SigninDao,getLastSignin,8,2,5,1,0,177,D:\Projetos\_Web\mytwitter\src\com\twitter\dao\SigninDao.java
UNDEFINED,com.twitter.dao.SigninDao,addUp,5,1,4,2,0,438,D:\Projetos\_Web\mytwitter\src\com\twitter\dao\SigninDao.java
