DesignRole,Classe,NOM,DIT,CBO,LCom,NOC,NOM,RFC,WMC,File,Type,IsArchitecturalRole,LOC
VAADINSERVLET,org.jumpmind.metl.ui.init.AppServlet,2,2,5,1,0,2,3,2,D:\Projetos\_Web\metl\metl-ui\src\main\java\org\jumpmind\metl\ui\init\AppServlet.java,class,false,54
MODEL,org.jumpmind.metl.core.model.AuditEvent,6,3,2,3,0,6,1,6,D:\Projetos\_Web\metl\metl-core\src\main\java\org\jumpmind\metl\core\model\AuditEvent.java,class,false,40
TABLE,org.jumpmind.metl.ui.common.Table,1,2,3,0,0,1,3,5,D:\Projetos\_Web\metl\metl-ui\src\main\java\org\jumpmind\metl\ui\common\Table.java,class,false,42
EXCEPTION,org.jumpmind.metl.ui.api.FailureException,2,2,1,0,0,2,0,2,D:\Projetos\_Web\metl\metl-ui\src\main\java\org\jumpmind\metl\ui\api\FailureException.java,class,false,18
MODEL,org.jumpmind.metl.core.model.FlowParameter,8,3,1,20,0,8,0,8,D:\Projetos\_Web\metl\metl-core\src\main\java\org\jumpmind\metl\core\model\FlowParameter.java,class,false,66
ABSTRACTJAVASCRIPTCOMPONENT,org.jumpmind.metl.ui.diagram.RunDiagram,7,2,5,21,0,7,15,14,D:\Projetos\_Web\metl\metl-ui\src\main\java\org\jumpmind\metl\ui\diagram\RunDiagram.java,class,false,92
ASYNCTASK,org.jumpmind.metl.core.runtime.flow.AsyncRecorder,5,1,6,0,0,5,33,26,D:\Projetos\_Web\metl\metl-core\src\main\java\org\jumpmind\metl\core\runtime\flow\AsyncRecorder.java,class,false,162
DEFINITIONFACTORY,org.jumpmind.metl.ui.definition.DefinitionPlusUIFactory,5,2,10,4,0,5,21,23,D:\Projetos\_Web\metl\metl-ui\src\main\java\org\jumpmind\metl\ui\definition\DefinitionPlusUIFactory.java,class,false,130
MODEL,org.jumpmind.metl.core.model.ExecutionStepLog,10,2,3,29,0,10,2,13,D:\Projetos\_Web\metl\metl-core\src\main\java\org\jumpmind\metl\core\model\ExecutionStepLog.java,class,false,84
VIEW,org.jumpmind.metl.ui.views.design.EditExcelWriterPanel,27,3,27,222,0,27,75,76,D:\Projetos\_Web\metl\comp-excel\src\main\java\org\jumpmind\metl\ui\views\design\EditExcelWriterPanel.java,class,false,365
VIEW,org.jumpmind.metl.ui.views.manage.ExecutionRunPanel,28,2,57,251,0,28,198,114,D:\Projetos\_Web\metl\metl-ui\src\main\java\org\jumpmind\metl\ui\views\manage\ExecutionRunPanel.java,class,false,820
ABSTRACTCOMPONENTRUNTIME,org.jumpmind.metl.core.runtime.component.AbstractSerializer,4,2,3,4,2,4,8,18,D:\Projetos\_Web\metl\comp-serialize\src\main\java\org\jumpmind\metl\core\runtime\component\AbstractSerializer.java,class,false,88
[ICOMPONENTRUNTIME],org.jumpmind.metl.core.runtime.component.AbstractComponentRuntime,37,1,23,402,43,37,65,69,D:\Projetos\_Web\metl\comp-abstract\src\main\java\org\jumpmind\metl\core\runtime\component\AbstractComponentRuntime.java,class,false,355
ABSTRACTSELECTEDVALUEMENUMANAGER,org.jumpmind.metl.ui.views.design.menu.AbstractDesignSelectedValueMenuManager,5,2,5,4,7,5,27,59,D:\Projetos\_Web\metl\metl-ui\src\main\java\org\jumpmind\metl\ui\views\design\menu\AbstractDesignSelectedValueMenuManager.java,class,false,120
MENUBAR,org.jumpmind.metl.ui.views.design.menu.DesignMenuBar,4,3,5,6,0,4,3,4,D:\Projetos\_Web\metl\metl-ui\src\main\java\org\jumpmind\metl\ui\views\design\menu\DesignMenuBar.java,class,false,75
EVENT,org.jumpmind.metl.ui.diagram.LinkSelectedEvent,3,2,2,0,0,3,0,3,D:\Projetos\_Web\metl\metl-ui\src\main\java\org\jumpmind\metl\ui\diagram\LinkSelectedEvent.java,class,false,48
VIEW,org.jumpmind.metl.ui.views.design.EditScriptPanel,2,3,10,0,0,2,30,6,D:\Projetos\_Web\metl\comp-groovy\src\main\java\org\jumpmind\metl\ui\views\design\EditScriptPanel.java,class,false,122
ABSTRACTCOMPONENTRUNTIME,org.jumpmind.metl.core.runtime.component.NoOp,3,2,3,3,0,3,1,3,D:\Projetos\_Web\metl\metl-core\src\main\java\org\jumpmind\metl\core\runtime\component\NoOp.java,class,false,44
UNDEFINED,org.jumpmind.metl.core.runtime.component.ComponentTypeIdConstants,1,1,0,0,0,1,0,1,D:\Projetos\_Web\metl\metl-core\src\main\java\org\jumpmind\metl\core\runtime\component\ComponentTypeIdConstants.java,class,false,10
ABSTRACTSELECTEDVALUEMENUMANAGER,org.jumpmind.metl.ui.views.design.menu.ProjectDependencyMenuManager,4,3,2,6,0,4,2,8,D:\Projetos\_Web\metl\metl-ui\src\main\java\org\jumpmind\metl\ui\views\design\menu\ProjectDependencyMenuManager.java,class,false,54
UNDEFINED,org.jumpmind.metl.core.util.LogUtils,10,1,2,33,0,10,37,34,D:\Projetos\_Web\metl\metl-core\src\main\java\org\jumpmind\metl\core\util\LogUtils.java,class,false,166
ABSTRACTCOMPONENTRUNTIME,org.jumpmind.metl.core.runtime.component.AbstractFileWriter,3,2,4,0,2,3,13,11,D:\Projetos\_Web\metl\comp-file\src\main\java\org\jumpmind\metl\core\runtime\component\AbstractFileWriter.java,class,false,59
VIEW,org.jumpmind.metl.ui.views.design.AbstractComponentEditPanel,5,2,6,10,19,5,5,5,D:\Projetos\_Web\metl\comp-abstract\src\main\java\org\jumpmind\metl\ui\views\design\AbstractComponentEditPanel.java,class,false,69
MODEL,org.jumpmind.metl.core.model.ModelEntity,14,3,4,33,0,14,8,18,D:\Projetos\_Web\metl\metl-core\src\main\java\org\jumpmind\metl\core\model\ModelEntity.java,class,false,119
MODEL,org.jumpmind.metl.core.model.ReleasePackage,12,3,2,52,0,12,0,12,D:\Projetos\_Web\metl\metl-core\src\main\java\org\jumpmind\metl\core\model\ReleasePackage.java,class,false,71
ABSTRACTCOMPONENTRUNTIME,org.jumpmind.metl.core.runtime.component.AbstractRdbmsComponentRuntime,9,2,14,32,5,9,39,41,D:\Projetos\_Web\metl\comp-abstract\src\main\java\org\jumpmind\metl\core\runtime\component\AbstractRdbmsComponentRuntime.java,class,false,204
MODEL,org.jumpmind.metl.core.model.AgentParameter,2,3,1,0,0,2,0,2,D:\Projetos\_Web\metl\metl-core\src\main\java\org\jumpmind\metl\core\model\AgentParameter.java,class,false,37
TEST,org.jumpmind.metl.core.runtime.flow.FixedLengthFormatterFlowTest,3,1,5,0,0,3,2,3,D:\Projetos\_Web\metl\metl-develop\src\test\java\org\jumpmind\metl\core\runtime\flow\FixedLengthFormatterFlowTest.java,class,false,54
ABSTRACTCOMPONENTRUNTIME,org.jumpmind.metl.core.runtime.component.TextFileReader,3,3,6,1,0,3,25,27,D:\Projetos\_Web\metl\comp-file\src\main\java\org\jumpmind\metl\core\runtime\component\TextFileReader.java,class,false,156
UNDEFINED,org.jumpmind.metl.core.util.ComponentUtils,7,1,5,21,0,7,13,32,D:\Projetos\_Web\metl\metl-core\src\main\java\org\jumpmind\metl\core\util\ComponentUtils.java,class,false,103
MODEL,org.jumpmind.metl.core.model.Flow,48,3,9,762,0,48,40,121,D:\Projetos\_Web\metl\metl-core\src\main\java\org\jumpmind\metl\core\model\Flow.java,class,false,418
ENTITY,org.jumpmind.metl.core.runtime.component.EntityNameLookup,2,1,4,0,0,2,10,9,D:\Projetos\_Web\metl\metl-core\src\main\java\org\jumpmind\metl\core\runtime\component\EntityNameLookup.java,class,false,47
PANEL,org.jumpmind.metl.ui.views.manage.ManageNavigator,11,2,21,0,0,11,66,55,D:\Projetos\_Web\metl\metl-ui\src\main\java\org\jumpmind\metl\ui\views\manage\ManageNavigator.java,class,false,315
ABSTRACTDIRECTORY,org.jumpmind.metl.core.runtime.resource.AbstractJMSJndiDirectory,21,2,18,164,2,21,51,85,D:\Projetos\_Web\metl\resource-core\src\main\java\org\jumpmind\metl\core\runtime\resource\AbstractJMSJndiDirectory.java,class,false,309
RESIZABLEWINDOW,org.jumpmind.metl.ui.views.design.ImportXmlTemplateWindow,11,2,28,52,0,11,67,38,D:\Projetos\_Web\metl\metl-ui\src\main\java\org\jumpmind\metl\ui\views\design\ImportXmlTemplateWindow.java,class,false,285
[ISENDMESSAGECALLBACK],org.jumpmind.metl.core.runtime.component.SendMessageCallback,13,1,8,38,0,13,12,19,D:\Projetos\_Web\metl\metl-core\src\test\java\org\jumpmind\metl\core\runtime\component\SendMessageCallback.java,class,false,119
VIEW,org.jumpmind.metl.ui.views.design.DesignNavigator,61,2,46,77,0,61,202,276,D:\Projetos\_Web\metl\metl-ui\src\main\java\org\jumpmind\metl\ui\views\design\DesignNavigator.java,class,false,1089
[ICOMPONENTRUNTIMEFACTORY],org.jumpmind.metl.core.runtime.component.ComponentRuntimeFactory,2,1,5,0,0,2,7,6,D:\Projetos\_Web\metl\metl-core\src\main\java\org\jumpmind\metl\core\runtime\component\ComponentRuntimeFactory.java,class,false,52
VIEW,org.jumpmind.metl.ui.views.design.EditTempRdbmsPanel,1,3,4,0,0,1,14,2,D:\Projetos\_Web\metl\comp-temp-rdbms\src\main\java\org\jumpmind\metl\ui\views\design\EditTempRdbmsPanel.java,class,false,43
RESIZABLEWINDOW,org.jumpmind.metl.ui.views.design.TableColumnSelectWindow,6,2,15,7,0,6,36,9,D:\Projetos\_Web\metl\metl-ui\src\main\java\org\jumpmind\metl\ui\views\design\TableColumnSelectWindow.java,class,false,149
VIEW,org.jumpmind.metl.ui.views.release.ReleasesView,19,2,31,132,0,19,100,57,D:\Projetos\_Web\metl\metl-ui\src\main\java\org\jumpmind\metl\ui\views\release\ReleasesView.java,class,false,373
ABSTRACTSELECTEDVALUEMENUMANAGER,org.jumpmind.metl.ui.views.design.menu.ProjectVersionMenuManager,3,3,3,3,0,3,8,9,D:\Projetos\_Web\metl\metl-ui\src\main\java\org\jumpmind\metl\ui\views\design\menu\ProjectVersionMenuManager.java,class,false,58
EXECUTIONTRACKERLOGGER,org.jumpmind.metl.core.runtime.ExecutionTrackerRecorder,13,2,13,0,0,13,81,63,D:\Projetos\_Web\metl\metl-core\src\main\java\org\jumpmind\metl\core\runtime\ExecutionTrackerRecorder.java,class,false,282
ABSTRACTSELECTEDVALUEMENUMANAGER,org.jumpmind.metl.ui.views.design.menu.ProjectMenuManager,2,3,2,1,0,2,1,2,D:\Projetos\_Web\metl\metl-ui\src\main\java\org\jumpmind\metl\ui\views\design\menu\ProjectMenuManager.java,class,false,21
HASHMAP,org.jumpmind.metl.core.util.NameValue,3,2,0,0,0,3,1,3,D:\Projetos\_Web\metl\metl-core\src\main\java\org\jumpmind\metl\core\util\NameValue.java,class,false,47
TEST,org.jumpmind.metl.core.runtime.component.TextFileReaderTest,10,1,19,25,0,10,41,12,D:\Projetos\_Web\metl\comp-file\src\test\java\org\jumpmind\metl\core\runtime\component\TextFileReaderTest.java,class,false,191
MODEL,org.jumpmind.metl.core.model.ComponentAttributeSetting,7,3,2,3,0,7,0,7,D:\Projetos\_Web\metl\metl-core\src\main\java\org\jumpmind\metl\core\model\ComponentAttributeSetting.java,class,false,60
MODEL,org.jumpmind.metl.core.model.AbstractNamedObject,3,2,1,3,20,3,1,3,D:\Projetos\_Web\metl\metl-core\src\main\java\org\jumpmind\metl\core\model\AbstractNamedObject.java,class,false,15
TEST,org.jumpmind.metl.core.runtime.flow.JMSFlowTest,3,1,5,0,0,3,2,3,D:\Projetos\_Web\metl\metl-develop\src\test\java\org\jumpmind\metl\core\runtime\flow\JMSFlowTest.java,class,false,54
UNDEFINED,org.jumpmind.metl.core.util.DatabaseScriptContainer,7,1,13,14,0,7,37,28,D:\Projetos\_Web\metl\metl-core\src\main\java\org\jumpmind\metl\core\util\DatabaseScriptContainer.java,class,false,168
TEST,org.jumpmind.metl.core.persist.SchemaTest,3,1,6,0,0,3,4,3,D:\Projetos\_Web\metl\metl-core\src\test\java\org\jumpmind\metl\core\persist\SchemaTest.java,class,false,51
RESIZABLEWINDOW,org.jumpmind.metl.ui.views.design.ScriptTemplatesDialog,6,2,14,7,0,6,43,14,D:\Projetos\_Web\metl\comp-groovy\src\main\java\org\jumpmind\metl\ui\views\design\ScriptTemplatesDialog.java,class,false,168
EVENT,org.jumpmind.metl.ui.diagram.NodeMovedEvent,2,2,3,0,0,2,0,2,D:\Projetos\_Web\metl\metl-ui\src\main\java\org\jumpmind\metl\ui\diagram\NodeMovedEvent.java,class,false,40
UNDEFINED,org.jumpmind.metl.core.runtime.component.ComponentContext,16,1,9,90,0,16,4,17,D:\Projetos\_Web\metl\metl-core\src\main\java\org\jumpmind\metl\core\runtime\component\ComponentContext.java,class,false,132
ABSTRACTCOMPONENTRUNTIME,org.jumpmind.metl.core.runtime.component.Mapping,6,2,9,7,0,6,43,55,D:\Projetos\_Web\metl\comp-map\src\main\java\org\jumpmind\metl\core\runtime\component\Mapping.java,class,false,212
VIEW,org.jumpmind.metl.ui.views.design.EditRdbmsWriterPanel,13,3,19,68,0,13,56,42,D:\Projetos\_Web\metl\comp-rdbms-writer\src\main\java\org\jumpmind\metl\ui\views\design\EditRdbmsWriterPanel.java,class,false,251
ASYNCTASK,org.jumpmind.metl.core.runtime.flow.StepRuntime,60,1,27,760,0,60,172,216,D:\Projetos\_Web\metl\metl-core\src\main\java\org\jumpmind\metl\core\runtime\flow\StepRuntime.java,class,false,853
MENUBAR,org.jumpmind.metl.ui.common.AbstractMenuBar,19,2,12,131,1,19,44,86,D:\Projetos\_Web\metl\metl-ui\src\main\java\org\jumpmind\metl\ui\common\AbstractMenuBar.java,class,false,273
MODEL,org.jumpmind.metl.core.model.AgentFlowDeploymentParameter,10,3,1,21,0,10,0,10,D:\Projetos\_Web\metl\metl-core\src\main\java\org\jumpmind\metl\core\model\AgentFlowDeploymentParameter.java,class,false,76
UNDEFINED,org.jumpmind.metl.core.plugin.PluginConstants,1,1,0,0,0,1,0,1,D:\Projetos\_Web\metl\metl-core\src\main\java\org\jumpmind\metl\core\plugin\PluginConstants.java,class,false,11
ENTITY,org.jumpmind.metl.ui.init.BackgroundRefresherService,11,1,6,15,0,11,29,23,D:\Projetos\_Web\metl\metl-ui\src\main\java\org\jumpmind\metl\ui\init\BackgroundRefresherService.java,class,false,131
ENTITY,org.jumpmind.metl.ui.init.AppConfig,34,2,38,341,0,34,64,85,D:\Projetos\_Web\metl\metl-ui\src\main\java\org\jumpmind\metl\ui\init\AppConfig.java,class,false,548
MODEL,org.jumpmind.metl.core.model.ProjectVersionName,2,4,1,0,0,2,0,2,D:\Projetos\_Web\metl\metl-core\src\main\java\org\jumpmind\metl\core\model\ProjectVersionName.java,class,false,36
UNDEFINED,org.jumpmind.metl.Metl,1,1,0,0,0,1,2,3,D:\Projetos\_Web\metl\metl-server\src\main\java\org\jumpmind\metl\Metl.java,class,false,33
TEST,org.jumpmind.metl.core.runtime.component.FixedLengthFormatterTest,8,1,20,26,0,8,32,8,D:\Projetos\_Web\metl\comp-format\src\test\java\org\jumpmind\metl\core\runtime\component\FixedLengthFormatterTest.java,class,false,144
ABSTRACTCOMPONENTRUNTIME,org.jumpmind.metl.core.runtime.component.XPathXmlParser,11,3,24,11,0,11,44,45,D:\Projetos\_Web\metl\comp-xml\src\main\java\org\jumpmind\metl\core\runtime\component\XPathXmlParser.java,class,false,216
MODEL,org.jumpmind.metl.core.model.ResourceSetting,5,3,2,4,0,5,0,5,D:\Projetos\_Web\metl\metl-core\src\main\java\org\jumpmind\metl\core\model\ResourceSetting.java,class,false,50
VIEW,org.jumpmind.metl.ui.views.deploy.EditAgentResourcePanel,4,2,5,6,0,4,2,4,D:\Projetos\_Web\metl\metl-ui\src\main\java\org\jumpmind\metl\ui\views\deploy\EditAgentResourcePanel.java,class,false,59
ENTITY,org.jumpmind.metl.ui.common.ApplicationContext,26,1,23,309,0,26,4,34,D:\Projetos\_Web\metl\metl-ui\src\main\java\org\jumpmind\metl\ui\common\ApplicationContext.java,class,false,240
MODEL,org.jumpmind.metl.core.model.ComponentEntitySetting,7,3,2,3,0,7,0,7,D:\Projetos\_Web\metl\metl-core\src\main\java\org\jumpmind\metl\core\model\ComponentEntitySetting.java,class,false,59
VIEW,org.jumpmind.metl.ui.views.admin.ActiveUsersPanel,4,2,8,6,0,4,11,7,D:\Projetos\_Web\metl\metl-ui\src\main\java\org\jumpmind\metl\ui\views\admin\ActiveUsersPanel.java,class,false,77
TEST,org.jumpmind.metl.core.runtime.component.ContentRouterTest,6,1,21,13,0,6,34,7,D:\Projetos\_Web\metl\comp-route\src\test\java\org\jumpmind\metl\core\runtime\component\ContentRouterTest.java,class,false,155
MODEL,org.jumpmind.metl.core.model.FlowName,7,4,3,0,0,7,18,7,D:\Projetos\_Web\metl\metl-core\src\main\java\org\jumpmind\metl\core\model\FlowName.java,class,false,78
UNDEFINED,org.jumpmind.metl.core.persist.ReleasePackageProjectVersionSorter,2,1,5,0,0,2,13,8,D:\Projetos\_Web\metl\metl-core\src\main\java\org\jumpmind\metl\core\persist\ReleasePackageProjectVersionSorter.java,class,false,47
ABSTRACTCOMPONENTRUNTIME,org.jumpmind.metl.core.runtime.component.MessageFilter,2,2,5,1,0,2,8,15,D:\Projetos\_Web\metl\comp-route\src\main\java\org\jumpmind\metl\core\runtime\component\MessageFilter.java,class,false,78
VIEW,org.jumpmind.metl.ui.views.manage.ManageView,12,2,38,82,0,12,90,72,D:\Projetos\_Web\metl\metl-ui\src\main\java\org\jumpmind\metl\ui\views\manage\ManageView.java,class,false,400
SERVICE,org.jumpmind.metl.core.persist.ExecutionService,14,2,16,88,0,14,85,52,D:\Projetos\_Web\metl\metl-core\src\main\java\org\jumpmind\metl\core\persist\ExecutionService.java,class,false,323
MESSAGE,org.jumpmind.metl.core.runtime.ControlMessage,2,2,1,1,0,2,0,2,D:\Projetos\_Web\metl\metl-core\src\main\java\org\jumpmind\metl\core\runtime\ControlMessage.java,class,false,36
RESIZABLEWINDOW,org.jumpmind.metl.ui.views.deploy.DeployDialog,18,2,25,27,0,18,93,57,D:\Projetos\_Web\metl\metl-ui\src\main\java\org\jumpmind\metl\ui\views\deploy\DeployDialog.java,class,false,310
ENTITY,org.jumpmind.metl.core.model.ModelEntitySorter,2,1,1,1,0,2,3,2,D:\Projetos\_Web\metl\metl-core\src\main\java\org\jumpmind\metl\core\model\ModelEntitySorter.java,class,false,34
UNDEFINED,org.jumpmind.metl.core.runtime.FlowConstants,1,1,0,0,0,1,0,1,D:\Projetos\_Web\metl\metl-core\src\main\java\org\jumpmind\metl\core\runtime\FlowConstants.java,class,false,29
VIEW,org.jumpmind.metl.ui.views.design.AbstractFlowStepAwareComponentEditPanel,1,3,4,0,1,1,0,1,D:\Projetos\_Web\metl\comp-abstract\src\main\java\org\jumpmind\metl\ui\views\design\AbstractFlowStepAwareComponentEditPanel.java,class,false,42
TEST,org.jumpmind.metl.core.runtime.flow.GeneralFlowTest,3,1,5,0,0,3,2,3,D:\Projetos\_Web\metl\metl-develop\src\test\java\org\jumpmind\metl\core\runtime\flow\GeneralFlowTest.java,class,false,54
UNDEFINED,org.jumpmind.metl.core.runtime.component.ModelAttributeScriptHelper,50,1,12,83,0,50,69,142,D:\Projetos\_Web\metl\comp-abstract\src\main\java\org\jumpmind\metl\core\runtime\component\ModelAttributeScriptHelper.java,class,false,497
ABSTRACTCOMPONENTRUNTIME,org.jumpmind.metl.core.runtime.component.XmlReader,7,2,11,11,0,7,43,50,D:\Projetos\_Web\metl\comp-xml\src\main\java\org\jumpmind\metl\core\runtime\component\XmlReader.java,class,false,240
URLCLASSLOADER,org.jumpmind.metl.core.util.ChildFirstURLClassLoader,5,2,0,0,0,5,3,12,D:\Projetos\_Web\metl\metl-core\src\main\java\org\jumpmind\metl\core\util\ChildFirstURLClassLoader.java,class,false,50
MODEL,org.jumpmind.metl.core.model.ProjectVersionDefinitionPlugin,24,2,4,232,0,24,5,54,D:\Projetos\_Web\metl\metl-core\src\main\java\org\jumpmind\metl\core\model\ProjectVersionDefinitionPlugin.java,class,false,162
ABSTRACTCOMPONENTRUNTIME,org.jumpmind.metl.core.runtime.component.DelimitedFormatter,14,2,16,69,0,14,49,48,D:\Projetos\_Web\metl\comp-format\src\main\java\org\jumpmind\metl\core\runtime\component\DelimitedFormatter.java,class,false,235
UNDEFINED,org.jumpmind.metl.core.runtime.AbstractRuntimeObject,0,1,1,0,1,0,2,0,D:\Projetos\_Web\metl\metl-core\src\main\java\org\jumpmind\metl\core\runtime\AbstractRuntimeObject.java,class,false,30
[CONTAINER.FILTER],org.jumpmind.metl.ui.common.MultiPropertyFilter,3,1,3,0,0,3,6,13,D:\Projetos\_Web\metl\metl-ui\src\main\java\org\jumpmind\metl\ui\common\MultiPropertyFilter.java,class,false,71
WINDOW,org.jumpmind.metl.ui.init.LoginDialog,10,2,21,43,0,10,80,61,D:\Projetos\_Web\metl\metl-ui\src\main\java\org\jumpmind\metl\ui\init\LoginDialog.java,class,false,348
MODEL,org.jumpmind.metl.core.model.Model,28,3,10,324,0,28,23,61,D:\Projetos\_Web\metl\metl-core\src\main\java\org\jumpmind\metl\core\model\Model.java,class,false,239
ABSTRACTCOMPONENTRUNTIME,org.jumpmind.metl.core.runtime.component.Lookup,5,2,10,0,0,5,30,32,D:\Projetos\_Web\metl\metl-core\src\main\java\org\jumpmind\metl\core\runtime\component\Lookup.java,class,false,149
ABSTRACTCOMPONENTRUNTIME,org.jumpmind.metl.core.runtime.component.UnZip,5,2,11,4,0,5,39,34,D:\Projetos\_Web\metl\comp-zip\src\main\java\org\jumpmind\metl\core\runtime\component\UnZip.java,class,false,216
EXCEPTION,org.jumpmind.metl.core.runtime.component.AssertException,5,2,0,10,0,5,0,5,D:\Projetos\_Web\metl\metl-core\src\main\java\org\jumpmind\metl\core\runtime\component\AssertException.java,class,false,26
MODEL,org.jumpmind.metl.core.model.Execution,30,2,2,373,0,30,6,31,D:\Projetos\_Web\metl\metl-core\src\main\java\org\jumpmind\metl\core\model\Execution.java,class,false,173
VIEW,org.jumpmind.metl.ui.views.design.EditMergerPanel,11,3,21,62,0,11,53,36,D:\Projetos\_Web\metl\metl-ui\src\main\java\org\jumpmind\metl\ui\views\design\EditMergerPanel.java,class,false,242
MODEL,org.jumpmind.metl.core.model.ProjectVersion,28,3,2,300,0,28,13,36,D:\Projetos\_Web\metl\metl-core\src\main\java\org\jumpmind\metl\core\model\ProjectVersion.java,class,false,185
TEST,org.jumpmind.metl.core.runtime.flow.DelimitedFormatterFlowTest,3,1,5,0,0,3,2,3,D:\Projetos\_Web\metl\metl-develop\src\test\java\org\jumpmind\metl\core\runtime\flow\DelimitedFormatterFlowTest.java,class,false,54
RESIZABLEWINDOW,org.jumpmind.metl.ui.views.design.EditFlowSettingsDialog,12,2,34,22,0,12,63,32,D:\Projetos\_Web\metl\metl-ui\src\main\java\org\jumpmind\metl\ui\views\design\EditFlowSettingsDialog.java,class,false,277
TEST,org.jumpmind.metl.core.runtime.flow.TextFileWriterFlowTest,3,1,5,0,0,3,2,3,D:\Projetos\_Web\metl\metl-develop\src\test\java\org\jumpmind\metl\core\runtime\flow\TextFileWriterFlowTest.java,class,false,54
ABSTRACTCOMPONENTRUNTIME,org.jumpmind.metl.core.runtime.component.ExcelFileWriter,15,3,21,100,0,15,58,74,D:\Projetos\_Web\metl\comp-excel\src\main\java\org\jumpmind\metl\core\runtime\component\ExcelFileWriter.java,class,false,310
EXCEPTION,org.jumpmind.metl.core.util.MessageException,5,2,0,10,0,5,0,5,D:\Projetos\_Web\metl\metl-core\src\main\java\org\jumpmind\metl\core\util\MessageException.java,class,false,28
ABSTRACTCOMPONENTRUNTIME,org.jumpmind.metl.core.runtime.component.Zip,3,2,12,1,0,3,32,24,D:\Projetos\_Web\metl\comp-zip\src\main\java\org\jumpmind\metl\core\runtime\component\Zip.java,class,false,177
MODEL,org.jumpmind.metl.core.model.AgentResourceSetting,4,4,1,0,0,4,0,4,D:\Projetos\_Web\metl\metl-core\src\main\java\org\jumpmind\metl\core\model\AgentResourceSetting.java,class,false,45
ABSTRACTCOMPONENTRUNTIME,org.jumpmind.metl.core.runtime.component.Deserializer,1,3,9,0,0,1,12,16,D:\Projetos\_Web\metl\comp-serialize\src\main\java\org\jumpmind\metl\core\runtime\component\Deserializer.java,class,false,86
ENTITY,org.jumpmind.metl.core.plugin.XMLDefinitions,4,1,2,2,0,4,0,8,D:\Projetos\_Web\metl\metl-core\src\main\java\org\jumpmind\metl\core\plugin\XMLDefinitions.java,class,false,68
ABSTRACTCOMPONENTRUNTIME,org.jumpmind.metl.core.runtime.component.XsltProcessor,7,2,18,11,0,7,49,42,D:\Projetos\_Web\metl\comp-xml\src\main\java\org\jumpmind\metl\core\runtime\component\XsltProcessor.java,class,false,239
UNDEFINED,org.jumpmind.metl.ui.definition.ObjectFactory,2,1,1,1,0,2,0,2,D:\Projetos\_Web\metl\metl-ui\src\main\java\org\jumpmind\metl\ui\definition\ObjectFactory.java,class,false,46
TEST,org.jumpmind.metl.core.runtime.component.DelimitedFormatterTest,8,1,20,26,0,8,32,8,D:\Projetos\_Web\metl\comp-format\src\test\java\org\jumpmind\metl\core\runtime\component\DelimitedFormatterTest.java,class,false,153
ABSTRACTRUNTIMEOBJECT,org.jumpmind.metl.core.runtime.resource.JMS,4,3,5,0,0,4,9,14,D:\Projetos\_Web\metl\resource-core\src\main\java\org\jumpmind\metl\core\runtime\resource\JMS.java,class,false,129
VIEW,org.jumpmind.metl.ui.views.design.EditFlowPalette,4,2,12,0,0,4,40,10,D:\Projetos\_Web\metl\metl-ui\src\main\java\org\jumpmind\metl\ui\views\design\EditFlowPalette.java,class,false,163
UNDEFINED,org.jumpmind.metl.Wrapper,4,1,0,6,0,4,27,26,D:\Projetos\_Web\metl\metl-server\src\main\java\org\jumpmind\metl\Wrapper.java,class,false,123
VIEW,org.jumpmind.metl.ui.views.design.EditTransformerPanel,14,3,33,126,0,14,94,86,D:\Projetos\_Web\metl\comp-transform\src\main\java\org\jumpmind\metl\ui\views\design\EditTransformerPanel.java,class,false,495
VIEW,org.jumpmind.metl.ui.views.design.EditContentRouterPanel,4,4,21,9,0,4,51,30,D:\Projetos\_Web\metl\comp-route\src\main\java\org\jumpmind\metl\ui\views\design\EditContentRouterPanel.java,class,false,186
MODEL,org.jumpmind.metl.core.model.Version,4,2,1,0,0,4,0,4,D:\Projetos\_Web\metl\metl-core\src\main\java\org\jumpmind\metl\core\model\Version.java,class,false,44
ENTITY,org.jumpmind.metl.core.runtime.Message,2,1,1,0,1,2,0,2,D:\Projetos\_Web\metl\metl-core\src\main\java\org\jumpmind\metl\core\runtime\Message.java,class,false,39
VIEW,org.jumpmind.metl.ui.views.admin.GroupEditPanel,7,2,12,9,0,7,37,20,D:\Projetos\_Web\metl\metl-ui\src\main\java\org\jumpmind\metl\ui\views\admin\GroupEditPanel.java,class,false,159
MODEL,org.jumpmind.metl.core.model.FolderName,5,4,1,6,0,5,4,5,D:\Projetos\_Web\metl\metl-core\src\main\java\org\jumpmind\metl\core\model\FolderName.java,class,false,53
EVENT,org.jumpmind.metl.ui.mapping.ConnectionEvent,4,2,2,0,0,4,0,4,D:\Projetos\_Web\metl\comp-map\src\main\java\org\jumpmind\metl\ui\mapping\ConnectionEvent.java,class,false,55
VIEW,org.jumpmind.metl.core.runtime.component.SubscribeDeploymentListener,3,1,7,0,0,3,4,5,D:\Projetos\_Web\metl\comp-subscribe\src\main\java\org\jumpmind\metl\core\runtime\component\SubscribeDeploymentListener.java,class,false,54
MESSAGE,org.jumpmind.metl.core.runtime.BinaryMessage,2,3,2,1,0,2,0,2,D:\Projetos\_Web\metl\metl-core\src\main\java\org\jumpmind\metl\core\runtime\BinaryMessage.java,class,false,15
ABSTRACTRUNTIMEOBJECT,org.jumpmind.metl.core.runtime.resource.MailSessionResource,3,3,4,1,0,3,3,4,D:\Projetos\_Web\metl\resource-core\src\main\java\org\jumpmind\metl\core\runtime\resource\MailSessionResource.java,class,false,50
ABSTRACTCOMPONENTRUNTIME,org.jumpmind.metl.core.runtime.component.Union,3,2,5,3,0,3,7,7,D:\Projetos\_Web\metl\metl-core\src\main\java\org\jumpmind\metl\core\runtime\component\Union.java,class,false,59
MODEL,org.jumpmind.metl.core.model.FlowStepLink,8,2,1,6,0,8,0,8,D:\Projetos\_Web\metl\metl-core\src\main\java\org\jumpmind\metl\core\model\FlowStepLink.java,class,false,63
VIEW,org.jumpmind.metl.ui.views.design.EditRdbmsReaderPanel,5,3,19,31,0,5,36,26,D:\Projetos\_Web\metl\comp-rdbms-reader\src\main\java\org\jumpmind\metl\ui\views\design\EditRdbmsReaderPanel.java,class,false,212
XMLABSTRACTDEFINITION,org.jumpmind.metl.core.plugin.XMLComponentDefinition,28,2,3,298,0,28,0,28,D:\Projetos\_Web\metl\metl-core\src\main\java\org\jumpmind\metl\core\plugin\XMLComponentDefinition.java,class,false,220
UNDEFINED,org.jumpmind.metl.core.runtime.AbstractFactory,5,1,1,10,0,5,34,31,D:\Projetos\_Web\metl\metl-core\src\main\java\org\jumpmind\metl\core\runtime\AbstractFactory.java,class,false,146
VIEW,org.jumpmind.metl.ui.views.design.EditFormatPanel,40,3,34,746,0,40,105,137,D:\Projetos\_Web\metl\comp-format\src\main\java\org\jumpmind\metl\ui\views\design\EditFormatPanel.java,class,false,575
PERSISTENCE,org.jumpmind.metl.core.plugin.PluginRepositoryListener,18,2,3,0,0,18,10,18,D:\Projetos\_Web\metl\metl-core\src\main\java\org\jumpmind\metl\core\plugin\PluginRepositoryListener.java,class,false,85
VIEW,org.jumpmind.metl.ui.common.TopBar,7,2,16,14,0,7,53,28,D:\Projetos\_Web\metl\metl-ui\src\main\java\org\jumpmind\metl\ui\common\TopBar.java,class,false,190
VIEW,org.jumpmind.metl.ui.views.design.EditXmlFormatPanel,23,3,34,196,0,23,103,73,D:\Projetos\_Web\metl\comp-xml\src\main\java\org\jumpmind\metl\ui\views\design\EditXmlFormatPanel.java,class,false,421
[IDEFINITIONFACTORY],org.jumpmind.metl.core.plugin.DefinitionFactory,17,1,18,20,1,17,107,130,D:\Projetos\_Web\metl\metl-core\src\main\java\org\jumpmind\metl\core\plugin\DefinitionFactory.java,class,false,498
DEFAULTFIELDGROUPFIELDFACTORY,org.jumpmind.metl.ui.common.FieldFactory,2,2,6,1,0,2,2,4,D:\Projetos\_Web\metl\metl-ui\src\main\java\org\jumpmind\metl\ui\common\FieldFactory.java,class,false,24
ABSTRACTCOMPONENTRUNTIME,org.jumpmind.metl.sample.Sample,3,2,3,3,0,3,0,3,D:\Projetos\_Web\metl\metl-sample-component\src\main\java\org\jumpmind\metl\sample\Sample.java,class,false,21
MODEL,org.jumpmind.metl.core.model.Component,42,4,14,703,0,42,25,78,D:\Projetos\_Web\metl\metl-core\src\main\java\org\jumpmind\metl\core\model\Component.java,class,false,304
VIEW,org.jumpmind.metl.ui.views.deploy.DeployView,2,2,13,0,0,2,6,2,D:\Projetos\_Web\metl\metl-ui\src\main\java\org\jumpmind\metl\ui\views\deploy\DeployView.java,class,false,84
MODEL,org.jumpmind.metl.core.model.AgentResource,4,5,3,0,0,4,1,4,D:\Projetos\_Web\metl\metl-core\src\main\java\org\jumpmind\metl\core\model\AgentResource.java,class,false,45
[ISELECTEDVALUEMENUMANAGER],org.jumpmind.metl.ui.common.AbstractSelectedValueMenuManager,4,1,1,6,1,4,4,14,D:\Projetos\_Web\metl\metl-ui\src\main\java\org\jumpmind\metl\ui\common\AbstractSelectedValueMenuManager.java,class,false,36
ABSTRACTCOMPONENTRUNTIME,org.jumpmind.metl.core.runtime.component.Gate,3,2,5,1,0,3,18,19,D:\Projetos\_Web\metl\comp-control\src\main\java\org\jumpmind\metl\core\runtime\component\Gate.java,class,false,101
ABSTRACTCOMPONENTRUNTIME,org.jumpmind.metl.core.runtime.component.XmlFormatter,16,3,21,60,0,16,96,101,D:\Projetos\_Web\metl\comp-xml\src\main\java\org\jumpmind\metl\core\runtime\component\XmlFormatter.java,class,false,529
VIEW,org.jumpmind.metl.ui.init.AppSessionInitListener,1,1,9,4,0,1,9,4,D:\Projetos\_Web\metl\metl-ui\src\main\java\org\jumpmind\metl\ui\init\AppSessionInitListener.java,class,false,79
ABSTRACTCOMPONENTRUNTIME,org.jumpmind.metl.core.runtime.component.RdbmsReader,29,3,20,336,0,29,100,133,D:\Projetos\_Web\metl\comp-rdbms-reader\src\main\java\org\jumpmind\metl\core\runtime\component\RdbmsReader.java,class,false,521
UNDEFINED,org.jumpmind.metl.StartWebServer,12,1,13,62,0,12,107,55,D:\Projetos\_Web\metl\metl-server\src\main\java\org\jumpmind\metl\StartWebServer.java,class,false,383
TEST,org.jumpmind.metl.core.runtime.flow.TransformerFlowTest,3,1,5,0,0,3,2,3,D:\Projetos\_Web\metl\metl-develop\src\test\java\org\jumpmind\metl\core\runtime\flow\TransformerFlowTest.java,class,false,54
VIEW,org.jumpmind.metl.ui.views.admin.AdminView,7,2,21,15,0,7,30,35,D:\Projetos\_Web\metl\metl-ui\src\main\java\org\jumpmind\metl\ui\views\admin\AdminView.java,class,false,189
VIEW,org.jumpmind.metl.ui.views.admin.PluginRepositoryEditPanel,7,2,9,9,0,7,17,9,D:\Projetos\_Web\metl\metl-ui\src\main\java\org\jumpmind\metl\ui\views\admin\PluginRepositoryEditPanel.java,class,false,101
RESIZABLEWINDOW,org.jumpmind.metl.ui.views.release.EditReleasePackageDialog,8,2,22,12,0,8,61,30,D:\Projetos\_Web\metl\metl-ui\src\main\java\org\jumpmind\metl\ui\views\release\EditReleasePackageDialog.java,class,false,211
ABSTRACTCOMPONENTRUNTIME,org.jumpmind.metl.core.runtime.component.Transformer,4,2,13,4,0,4,51,36,D:\Projetos\_Web\metl\comp-transform\src\main\java\org\jumpmind\metl\core\runtime\component\Transformer.java,class,false,185
VIEW,org.jumpmind.metl.ui.views.design.EditExcelReaderPanel,14,3,17,57,0,14,57,41,D:\Projetos\_Web\metl\comp-excel\src\main\java\org\jumpmind\metl\ui\views\design\EditExcelReaderPanel.java,class,false,198
WINDOW,org.jumpmind.metl.ui.init.ChangePasswordDialog,5,2,13,0,0,5,37,9,D:\Projetos\_Web\metl\metl-ui\src\main\java\org\jumpmind\metl\ui\init\ChangePasswordDialog.java,class,false,147
CONTROLLER,org.jumpmind.metl.ui.api.ExecutionApi,21,1,47,170,0,21,144,108,D:\Projetos\_Web\metl\metl-ui\src\main\java\org\jumpmind\metl\ui\api\ExecutionApi.java,class,true,523
VIEW,org.jumpmind.metl.ui.views.design.DesignView,2,2,12,0,0,2,6,2,D:\Projetos\_Web\metl\metl-ui\src\main\java\org\jumpmind\metl\ui\views\design\DesignView.java,class,false,81
ABSTRACTCOMPONENTRUNTIME,org.jumpmind.metl.core.runtime.component.BinaryFileWriter,4,3,8,4,0,4,11,11,D:\Projetos\_Web\metl\comp-file\src\main\java\org\jumpmind\metl\core\runtime\component\BinaryFileWriter.java,class,false,65
EVENT,org.jumpmind.metl.ui.diagram.NodeDoubleClickedEvent,2,2,3,0,0,2,0,2,D:\Projetos\_Web\metl\metl-ui\src\main\java\org\jumpmind\metl\ui\diagram\NodeDoubleClickedEvent.java,class,false,40
MODEL,org.jumpmind.metl.core.model.GlobalSetting,1,3,1,0,0,1,0,1,D:\Projetos\_Web\metl\metl-core\src\main\java\org\jumpmind\metl\core\model\GlobalSetting.java,class,false,64
VIEW,org.jumpmind.metl.ui.views.deploy.DeployNavigator,23,2,34,441,0,23,117,108,D:\Projetos\_Web\metl\metl-ui\src\main\java\org\jumpmind\metl\ui\views\deploy\DeployNavigator.java,class,false,601
TEST,org.jumpmind.metl.core.runtime.flow.FilePollerFlowTest,3,1,5,0,0,3,2,3,D:\Projetos\_Web\metl\metl-develop\src\test\java\org\jumpmind\metl\core\runtime\flow\FilePollerFlowTest.java,class,false,54
MODEL,org.jumpmind.metl.core.model.AgentDeployment,23,3,5,215,0,23,8,27,D:\Projetos\_Web\metl\metl-core\src\main\java\org\jumpmind\metl\core\model\AgentDeployment.java,class,false,155
[COMPARATOR],org.jumpmind.metl.core.model.AbstractObjectLastUpdateTimeDescSorter,2,1,1,1,0,2,3,4,D:\Projetos\_Web\metl\metl-core\src\main\java\org\jumpmind\metl\core\model\AbstractObjectLastUpdateTimeDescSorter.java,class,false,42
VIEW,org.jumpmind.metl.ui.views.design.EditTextConstant,1,3,5,0,0,1,14,2,D:\Projetos\_Web\metl\comp-text\src\main\java\org\jumpmind\metl\ui\views\design\EditTextConstant.java,class,false,40
UNDEFINED,org.jumpmind.metl.core.plugin.ObjectFactory,3,1,2,3,0,3,0,3,D:\Projetos\_Web\metl\metl-core\src\main\java\org\jumpmind\metl\core\plugin\ObjectFactory.java,class,false,50
ABSTRACTJAVASCRIPTCOMPONENT,org.jumpmind.metl.ui.diagram.Diagram,8,2,5,28,0,8,29,61,D:\Projetos\_Web\metl\metl-ui\src\main\java\org\jumpmind\metl\ui\diagram\Diagram.java,class,false,219
LINKEDCASEINSENSITIVEMAP,org.jumpmind.metl.core.runtime.EntityData,5,2,5,8,0,5,4,8,D:\Projetos\_Web\metl\metl-core\src\main\java\org\jumpmind\metl\core\runtime\EntityData.java,class,false,59
[ISUBSCRIBEMANAGER],org.jumpmind.metl.core.runtime.subscribe.SubscribeManager,5,1,23,0,0,5,34,33,D:\Projetos\_Web\metl\metl-core\src\main\java\org\jumpmind\metl\core\runtime\subscribe\SubscribeManager.java,class,false,182
VIEW,org.jumpmind.metl.ui.views.design.AbstractComponentEditPanel,5,2,6,10,0,5,5,5,D:\Projetos\_Web\metl\metl-ui\src\main\java\org\jumpmind\metl\ui\views\design\AbstractComponentEditPanel.java,class,false,69
ABSTRACTCOMPONENTRUNTIME,org.jumpmind.metl.core.runtime.component.TextReplace,3,2,5,1,0,3,10,12,D:\Projetos\_Web\metl\comp-text\src\main\java\org\jumpmind\metl\core\runtime\component\TextReplace.java,class,false,81
ABSTRACTCOMPONENTRUNTIME,org.jumpmind.metl.core.runtime.component.FixedLengthParser,15,2,13,82,0,15,46,44,D:\Projetos\_Web\metl\comp-format\src\main\java\org\jumpmind\metl\core\runtime\component\FixedLengthParser.java,class,false,206
VIEW,org.jumpmind.metl.ui.views.design.CallWebServicePanel,17,2,47,76,0,17,108,49,D:\Projetos\_Web\metl\metl-ui\src\main\java\org\jumpmind\metl\ui\views\design\CallWebServicePanel.java,class,false,431
SERVICE,org.jumpmind.metl.core.persist.OperationsService,40,2,31,849,0,40,114,81,D:\Projetos\_Web\metl\metl-core\src\main\java\org\jumpmind\metl\core\persist\OperationsService.java,class,false,575
VIEW,org.jumpmind.metl.ui.views.design.EditWebPanel,1,3,5,0,0,1,14,2,D:\Projetos\_Web\metl\comp-webrequest\src\main\java\org\jumpmind\metl\ui\views\design\EditWebPanel.java,class,false,58
[FILTER],org.jumpmind.metl.HttpMethodFilter,5,1,7,8,0,5,13,14,D:\Projetos\_Web\metl\metl-server\src\main\java\org\jumpmind\metl\HttpMethodFilter.java,class,false,69
RESIZABLEWINDOW,org.jumpmind.metl.ui.common.ExportDialog,12,2,24,12,0,12,73,39,D:\Projetos\_Web\metl\metl-ui\src\main\java\org\jumpmind\metl\ui\common\ExportDialog.java,class,false,268
[COMPARATOR],org.jumpmind.metl.core.model.AbstractObjectNameBasedSorter,2,1,1,1,0,2,4,2,D:\Projetos\_Web\metl\metl-core\src\main\java\org\jumpmind\metl\core\model\AbstractObjectNameBasedSorter.java,class,false,38
MODEL,org.jumpmind.metl.core.model.FlowStep,17,2,2,86,0,17,3,20,D:\Projetos\_Web\metl\metl-core\src\main\java\org\jumpmind\metl\core\model\FlowStep.java,class,false,110
UNDEFINED,org.jumpmind.metl.ui.api.ApiConstants,1,1,0,0,0,1,0,1,D:\Projetos\_Web\metl\metl-ui\src\main\java\org\jumpmind\metl\ui\api\ApiConstants.java,class,false,10
ABSTRACTCOMPONENTRUNTIME,org.jumpmind.metl.core.runtime.component.Stamp,2,2,5,1,0,2,7,13,D:\Projetos\_Web\metl\comp-stamp\src\main\java\org\jumpmind\metl\core\runtime\component\Stamp.java,class,false,61
VIEW,org.jumpmind.metl.ui.views.admin.GroupPanel,13,2,23,30,0,13,51,27,D:\Projetos\_Web\metl\metl-ui\src\main\java\org\jumpmind\metl\ui\views\admin\GroupPanel.java,class,false,212
VIEW,org.jumpmind.metl.ui.views.admin.UserEditPanel,9,2,14,6,0,9,39,25,D:\Projetos\_Web\metl\metl-ui\src\main\java\org\jumpmind\metl\ui\views\admin\UserEditPanel.java,class,false,176
UNDEFINED,org.jumpmind.metl.core.utils.DbTestUtils,1,1,3,0,0,1,7,3,D:\Projetos\_Web\metl\metl-core\src\test\java\org\jumpmind\metl\core\utils\DbTestUtils.java,class,false,57
UNDEFINED,org.jumpmind.metl.core.runtime.component.ComponentStatistics,22,1,0,179,0,22,9,37,D:\Projetos\_Web\metl\metl-core\src\main\java\org\jumpmind\metl\core\runtime\component\ComponentStatistics.java,class,false,147
RESIZABLEWINDOW,org.jumpmind.metl.ui.views.admin.PluginsPanelAddDialog,13,2,24,24,0,13,70,26,D:\Projetos\_Web\metl\metl-ui\src\main\java\org\jumpmind\metl\ui\views\admin\PluginsPanelAddDialog.java,class,false,300
VIEW,org.jumpmind.metl.ui.views.admin.AuditEventPanel,4,2,8,4,0,4,15,7,D:\Projetos\_Web\metl\metl-ui\src\main\java\org\jumpmind\metl\ui\views\admin\AuditEventPanel.java,class,false,86
ABSTRACTRUNTIMEOBJECT,org.jumpmind.metl.core.runtime.resource.SMB,3,3,4,0,0,3,2,3,D:\Projetos\_Web\metl\resource-core\src\main\java\org\jumpmind\metl\core\runtime\resource\SMB.java,class,false,39
VIEW,org.jumpmind.metl.ui.views.design.EditDataDiffPanel,51,3,36,1208,0,51,112,134,D:\Projetos\_Web\metl\comp-data-diff\src\main\java\org\jumpmind\metl\ui\views\design\EditDataDiffPanel.java,class,false,633
ENTITY,org.jumpmind.metl.ui.common.ViewManager,8,1,10,22,0,8,22,28,D:\Projetos\_Web\metl\metl-ui\src\main\java\org\jumpmind\metl\ui\common\ViewManager.java,class,false,127
UNDEFINED,org.jumpmind.metl.ui.common.UiUtils,7,1,9,21,0,7,23,41,D:\Projetos\_Web\metl\metl-ui\src\main\java\org\jumpmind\metl\ui\common\UiUtils.java,class,false,142
ABSTRACTCOMPONENTRUNTIME,org.jumpmind.metl.core.runtime.component.Execute,7,2,10,11,0,7,27,19,D:\Projetos\_Web\metl\comp-execute\src\main\java\org\jumpmind\metl\core\runtime\component\Execute.java,class,false,141
MODEL,org.jumpmind.metl.core.model.AgentDeploymentSummary,45,3,4,762,0,45,19,45,D:\Projetos\_Web\metl\metl-core\src\main\java\org\jumpmind\metl\core\model\AgentDeploymentSummary.java,class,false,253
SERVICE,org.jumpmind.metl.core.security.SecurityService,19,1,5,161,0,19,66,58,D:\Projetos\_Web\metl\metl-core\src\main\java\org\jumpmind\metl\core\security\SecurityService.java,class,false,249
ABSTRACTRUNTIMEOBJECT,org.jumpmind.metl.core.runtime.resource.Http,3,3,4,0,0,3,4,3,D:\Projetos\_Web\metl\resource-core\src\main\java\org\jumpmind\metl\core\runtime\resource\Http.java,class,false,88
ABSTRACTCOMPONENTRUNTIME,org.jumpmind.metl.core.runtime.component.AbstractXMLComponentRuntime,5,2,7,0,0,5,13,15,D:\Projetos\_Web\metl\metl-core\src\main\java\org\jumpmind\metl\core\runtime\component\AbstractXMLComponentRuntime.java,class,false,87
RESIZABLEWINDOW,org.jumpmind.metl.ui.common.SelectProjectVersionDialog,6,2,12,10,0,6,36,14,D:\Projetos\_Web\metl\metl-ui\src\main\java\org\jumpmind\metl\ui\common\SelectProjectVersionDialog.java,class,false,138
MODEL,org.jumpmind.metl.core.model.ComponentName,4,4,1,2,0,4,0,4,D:\Projetos\_Web\metl\metl-core\src\main\java\org\jumpmind\metl\core\model\ComponentName.java,class,false,47
[IDIRECTORY],org.jumpmind.metl.core.runtime.resource.AbstractDirectory,31,1,3,465,5,31,3,31,D:\Projetos\_Web\metl\resource-core\src\main\java\org\jumpmind\metl\core\runtime\resource\AbstractDirectory.java,class,false,154
ABSTRACTCOMPONENTRUNTIME,org.jumpmind.metl.core.runtime.component.DelimitedParser,13,2,13,67,0,13,55,48,D:\Projetos\_Web\metl\comp-format\src\main\java\org\jumpmind\metl\core\runtime\component\DelimitedParser.java,class,false,251
ABSTRACTCOMPONENTRUNTIME,org.jumpmind.metl.core.runtime.component.Script,8,2,4,22,0,8,36,40,D:\Projetos\_Web\metl\comp-groovy\src\main\java\org\jumpmind\metl\core\runtime\component\Script.java,class,false,223
ABSTRACTCOMPONENTRUNTIME,org.jumpmind.metl.core.runtime.component.Assert,4,2,13,2,0,4,35,61,D:\Projetos\_Web\metl\comp-test\src\main\java\org\jumpmind\metl\core\runtime\component\Assert.java,class,false,261
VIEW,org.jumpmind.metl.sample.SampleUIPanel,2,3,1,1,0,2,0,2,D:\Projetos\_Web\metl\metl-sample-component\src\main\java\org\jumpmind\metl\sample\SampleUIPanel.java,class,false,16
ABSTRACTDIRECTORY,org.jumpmind.metl.core.runtime.resource.JMSJndiQueueDirectory,6,3,10,15,0,6,9,12,D:\Projetos\_Web\metl\resource-core\src\main\java\org\jumpmind\metl\core\runtime\resource\JMSJndiQueueDirectory.java,class,false,66
ABSTRACTCOMPONENTRUNTIME,org.jumpmind.metl.core.runtime.component.MessageLogger,3,2,7,3,0,3,21,10,D:\Projetos\_Web\metl\metl-core\src\main\java\org\jumpmind\metl\core\runtime\component\MessageLogger.java,class,false,76
TEST,org.jumpmind.metl.core.runtime.component.definition.XMLDefinitionsTest,1,1,2,0,0,1,13,1,D:\Projetos\_Web\metl\metl-core\src\test\java\org\jumpmind\metl\core\runtime\component\definition\XMLDefinitionsTest.java,class,false,49
MESSAGE,org.jumpmind.metl.core.runtime.ContentMessage,5,2,2,0,2,5,8,12,D:\Projetos\_Web\metl\metl-core\src\main\java\org\jumpmind\metl\core\runtime\ContentMessage.java,class,false,48
ENTITY,org.jumpmind.metl.core.model.EntityTable,6,1,3,0,0,6,7,8,D:\Projetos\_Web\metl\metl-core\src\main\java\org\jumpmind\metl\core\model\EntityTable.java,class,false,49
ABSTRACTCOMPONENTRUNTIME,org.jumpmind.metl.core.runtime.component.EmbedFlow,4,2,3,6,0,4,1,4,D:\Projetos\_Web\metl\metl-core\src\main\java\org\jumpmind\metl\core\runtime\component\EmbedFlow.java,class,false,49
ABSTRACTJAVASCRIPTCOMPONENT,org.jumpmind.metl.ui.mapping.MappingDiagram,9,2,14,18,0,9,41,31,D:\Projetos\_Web\metl\comp-map\src\main\java\org\jumpmind\metl\ui\mapping\MappingDiagram.java,class,false,174
UNDEFINED,org.jumpmind.metl.core.runtime.AgentRuntime,33,1,39,204,0,33,161,147,D:\Projetos\_Web\metl\metl-core\src\main\java\org\jumpmind\metl\core\runtime\AgentRuntime.java,class,false,670
ABSTRACTRUNTIMEOBJECT,org.jumpmind.metl.core.runtime.resource.Datasource,5,3,6,2,0,5,5,6,D:\Projetos\_Web\metl\resource-core\src\main\java\org\jumpmind\metl\core\runtime\resource\Datasource.java,class,false,109
TEST,org.jumpmind.metl.core.runtime.flow.GroovyScriptFlowTest,3,1,5,0,0,3,2,3,D:\Projetos\_Web\metl\metl-develop\src\test\java\org\jumpmind\metl\core\runtime\flow\GroovyScriptFlowTest.java,class,false,54
EXCEPTION,org.jumpmind.metl.ui.api.CouldNotFindDeploymentException,1,2,1,0,0,1,0,1,D:\Projetos\_Web\metl\metl-ui\src\main\java\org\jumpmind\metl\ui\api\CouldNotFindDeploymentException.java,class,false,34
ABSTRACTCOMPONENTRUNTIME,org.jumpmind.metl.core.runtime.component.TextFileWriter,9,3,10,16,0,9,29,49,D:\Projetos\_Web\metl\comp-file\src\main\java\org\jumpmind\metl\core\runtime\component\TextFileWriter.java,class,false,214
TEST,org.jumpmind.metl.core.runtime.flow.GateFlowTest,3,1,5,0,0,3,2,3,D:\Projetos\_Web\metl\metl-develop\src\test\java\org\jumpmind\metl\core\runtime\flow\GateFlowTest.java,class,false,54
MODEL,org.jumpmind.metl.core.model.ResourceName,4,4,2,0,0,4,11,4,D:\Projetos\_Web\metl\metl-core\src\main\java\org\jumpmind\metl\core\model\ResourceName.java,class,false,52
MODEL,org.jumpmind.metl.core.model.Name,1,4,1,0,0,1,1,1,D:\Projetos\_Web\metl\metl-core\src\main\java\org\jumpmind\metl\core\model\Name.java,class,false,11
MODEL,org.jumpmind.metl.core.model.Notification,19,3,2,149,0,19,2,25,D:\Projetos\_Web\metl\metl-core\src\main\java\org\jumpmind\metl\core\model\Notification.java,class,false,149
MODEL,org.jumpmind.metl.core.model.User,20,4,4,160,0,20,4,24,D:\Projetos\_Web\metl\metl-core\src\main\java\org\jumpmind\metl\core\model\User.java,class,false,140
MESSAGE,org.jumpmind.metl.core.runtime.ShutdownMessage,4,2,1,0,0,4,0,4,D:\Projetos\_Web\metl\metl-core\src\main\java\org\jumpmind\metl\core\runtime\ShutdownMessage.java,class,false,47
CUSTOMFIELD,org.jumpmind.metl.ui.common.ImmediateUpdateTogglePasswordField,8,2,9,33,0,8,18,14,D:\Projetos\_Web\metl\metl-ui\src\main\java\org\jumpmind\metl\ui\common\ImmediateUpdateTogglePasswordField.java,class,false,135
UNDEFINED,org.jumpmind.metl.core.util.GeneralUtils,2,1,0,1,0,2,1,2,D:\Projetos\_Web\metl\metl-core\src\main\java\org\jumpmind\metl\core\util\GeneralUtils.java,class,false,14
ENTITY,org.jumpmind.metl.ui.common.DbResource,4,1,4,0,0,4,8,11,D:\Projetos\_Web\metl\metl-ui\src\main\java\org\jumpmind\metl\ui\common\DbResource.java,class,false,79
ABSTRACTCOMPONENTRUNTIME,org.jumpmind.metl.core.runtime.component.Subscriber,2,2,3,1,0,2,6,4,D:\Projetos\_Web\metl\comp-subscribe\src\main\java\org\jumpmind\metl\core\runtime\component\Subscriber.java,class,false,45
ABSTRACTCOMPONENTRUNTIME,org.jumpmind.metl.core.runtime.component.XmlParser,14,3,26,39,0,14,87,92,D:\Projetos\_Web\metl\comp-xml\src\main\java\org\jumpmind\metl\core\runtime\component\XmlParser.java,class,false,373
MODEL,org.jumpmind.metl.core.model.AbstractObjectWithSettings,14,3,5,19,3,14,19,41,D:\Projetos\_Web\metl\metl-core\src\main\java\org\jumpmind\metl\core\model\AbstractObjectWithSettings.java,class,false,163
UNDEFINED,org.jumpmind.metl.core.runtime.resource.FileInfo,7,1,0,7,0,7,1,7,D:\Projetos\_Web\metl\metl-core\src\main\java\org\jumpmind\metl\core\runtime\resource\FileInfo.java,class,false,46
ABSTRACTSELECTEDVALUEMENUMANAGER,org.jumpmind.metl.ui.views.design.menu.FlowMenuManager,4,3,2,6,0,4,6,10,D:\Projetos\_Web\metl\metl-ui\src\main\java\org\jumpmind\metl\ui\views\design\menu\FlowMenuManager.java,class,false,62
ABSTRACTDIRECTORY,org.jumpmind.metl.core.runtime.resource.SftpDirectory,40,2,16,552,0,40,70,139,D:\Projetos\_Web\metl\resource-core\src\main\java\org\jumpmind\metl\core\runtime\resource\SftpDirectory.java,class,false,613
ABSTRACTCOMPONENTRUNTIME,org.jumpmind.metl.core.runtime.component.Merger,5,2,8,6,0,5,37,32,D:\Projetos\_Web\metl\metl-core\src\main\java\org\jumpmind\metl\core\runtime\component\Merger.java,class,false,127
TEST,org.jumpmind.metl.core.runtime.flow.EmailFlowTest,3,1,5,0,0,3,2,3,D:\Projetos\_Web\metl\metl-develop\src\test\java\org\jumpmind\metl\core\runtime\flow\EmailFlowTest.java,class,false,54
ENTITY,org.jumpmind.metl.core.plugin.XMLAbstractDefinition,16,1,6,94,2,16,10,26,D:\Projetos\_Web\metl\metl-core\src\main\java\org\jumpmind\metl\core\plugin\XMLAbstractDefinition.java,class,false,118
UNDEFINED,org.jumpmind.metl.ui.common.CutCopyPasteManager,28,1,16,0,0,28,102,139,D:\Projetos\_Web\metl\metl-ui\src\main\java\org\jumpmind\metl\ui\common\CutCopyPasteManager.java,class,false,587
ENTITY,org.jumpmind.metl.ui.api.ExecutionResults,12,1,0,40,0,12,0,12,D:\Projetos\_Web\metl\metl-ui\src\main\java\org\jumpmind\metl\ui\api\ExecutionResults.java,class,false,94
ENTITY,org.jumpmind.metl.ui.common.DbProvider,8,1,15,10,0,8,35,24,D:\Projetos\_Web\metl\metl-ui\src\main\java\org\jumpmind\metl\ui\common\DbProvider.java,class,false,153
[IPLUGINMANAGER],org.jumpmind.metl.core.plugin.PluginManager,20,1,25,86,0,20,92,66,D:\Projetos\_Web\metl\metl-core\src\main\java\org\jumpmind\metl\core\plugin\PluginManager.java,class,false,378
MODEL,org.jumpmind.metl.core.model.PluginRepository,6,3,1,3,0,6,0,6,D:\Projetos\_Web\metl\metl-core\src\main\java\org\jumpmind\metl\core\model\PluginRepository.java,class,false,37
VIEW,org.jumpmind.metl.ui.views.admin.LoggingPanel,9,2,21,52,0,9,48,39,D:\Projetos\_Web\metl\metl-ui\src\main\java\org\jumpmind\metl\ui\views\admin\LoggingPanel.java,class,false,276
UNDEFINED,org.jumpmind.metl.core.runtime.resource.MailSession,5,1,2,0,0,5,12,14,D:\Projetos\_Web\metl\metl-core\src\main\java\org\jumpmind\metl\core\runtime\resource\MailSession.java,class,false,101
UI,org.jumpmind.metl.ui.init.AppUI,5,2,43,43,0,5,77,45,D:\Projetos\_Web\metl\metl-ui\src\main\java\org\jumpmind\metl\ui\init\AppUI.java,class,false,327
UNDEFINED,org.jumpmind.metl.core.util.ThreadUtils,6,1,0,9,0,6,15,16,D:\Projetos\_Web\metl\metl-core\src\main\java\org\jumpmind\metl\core\util\ThreadUtils.java,class,false,91
EVENT,org.jumpmind.metl.ui.diagram.NodeSelectedEvent,2,2,2,0,0,2,0,2,D:\Projetos\_Web\metl\metl-ui\src\main\java\org\jumpmind\metl\ui\diagram\NodeSelectedEvent.java,class,false,43
ABSTRACTCOMPONENTRUNTIME,org.jumpmind.metl.core.runtime.component.AbstractFileReader,7,2,7,7,2,7,25,30,D:\Projetos\_Web\metl\comp-file\src\main\java\org\jumpmind\metl\core\runtime\component\AbstractFileReader.java,class,false,145
ABSTRACTCOMPONENTRUNTIME,org.jumpmind.metl.core.runtime.component.FixedLengthFormatter,15,2,13,78,0,15,49,46,D:\Projetos\_Web\metl\comp-format\src\main\java\org\jumpmind\metl\core\runtime\component\FixedLengthFormatter.java,class,false,220
TEST,org.jumpmind.metl.core.runtime.component.TextFileWriterTest,11,1,18,41,0,11,41,11,D:\Projetos\_Web\metl\comp-file\src\test\java\org\jumpmind\metl\core\runtime\component\TextFileWriterTest.java,class,false,170
ABSTRACTCOMPONENTRUNTIME,org.jumpmind.metl.core.runtime.component.LastUnitOfWork,3,2,3,3,0,3,2,5,D:\Projetos\_Web\metl\comp-control\src\main\java\org\jumpmind\metl\core\runtime\component\LastUnitOfWork.java,class,false,46
UNDEFINED,org.jumpmind.metl.core.runtime.flow.FlowRuntime,20,1,33,60,0,20,119,118,D:\Projetos\_Web\metl\metl-core\src\main\java\org\jumpmind\metl\core\runtime\flow\FlowRuntime.java,class,false,535
MODEL,org.jumpmind.metl.core.model.Resource,19,4,5,141,0,19,5,22,D:\Projetos\_Web\metl\metl-core\src\main\java\org\jumpmind\metl\core\model\Resource.java,class,false,122
UNDEFINED,org.jumpmind.metl.core.runtime.component.ComponentSettingsConstants,1,1,0,0,0,1,0,1,D:\Projetos\_Web\metl\metl-core\src\main\java\org\jumpmind\metl\core\runtime\component\ComponentSettingsConstants.java,class,false,37
ENTITY,org.jumpmind.metl.core.runtime.component.ComponentSettings,5,1,1,0,0,5,0,5,D:\Projetos\_Web\metl\metl-core\src\test\java\org\jumpmind\metl\core\runtime\component\ComponentSettings.java,class,false,58
UNDEFINED,org.jumpmind.metl.core.security.SecurityConstants,0,1,1,0,0,0,1,0,D:\Projetos\_Web\metl\metl-core\src\main\java\org\jumpmind\metl\core\security\SecurityConstants.java,class,false,41
ABSTRACTRUNTIMEOBJECT,org.jumpmind.metl.core.runtime.resource.AbstractResourceRuntime,5,2,4,6,8,5,1,5,D:\Projetos\_Web\metl\resource-core\src\main\java\org\jumpmind\metl\core\runtime\resource\AbstractResourceRuntime.java,class,false,56
ENTITY,org.jumpmind.metl.core.model.EntityRow,7,1,2,0,0,7,9,13,D:\Projetos\_Web\metl\metl-core\src\main\java\org\jumpmind\metl\core\model\EntityRow.java,class,false,55
MODEL,org.jumpmind.metl.core.model.Agent,38,3,12,611,0,38,16,50,D:\Projetos\_Web\metl\metl-core\src\main\java\org\jumpmind\metl\core\model\Agent.java,class,false,239
ABSTRACTCOMPONENTRUNTIME,org.jumpmind.metl.core.runtime.component.Deduper,3,2,11,1,0,3,27,31,D:\Projetos\_Web\metl\metl-core\src\main\java\org\jumpmind\metl\core\runtime\component\Deduper.java,class,false,154
TEST,org.jumpmind.metl.core.runtime.flow.ContentRouterFlowTest,3,1,5,0,0,3,2,3,D:\Projetos\_Web\metl\metl-develop\src\test\java\org\jumpmind\metl\core\runtime\flow\ContentRouterFlowTest.java,class,false,54
TEST,org.jumpmind.metl.core.runtime.component.RdbmsReaderTest,2,1,1,1,0,2,4,2,D:\Projetos\_Web\metl\comp-rdbms-reader\src\test\java\org\jumpmind\metl\core\runtime\component\RdbmsReaderTest.java,class,false,29
MODEL,org.jumpmind.metl.core.model.Setting,8,2,1,0,1,8,1,9,D:\Projetos\_Web\metl\metl-core\src\main\java\org\jumpmind\metl\core\model\Setting.java,class,false,65
TEST,org.jumpmind.metl.core.runtime.flow.RdbmsReaderFlowTest,3,1,5,0,0,3,2,3,D:\Projetos\_Web\metl\metl-develop\src\test\java\org\jumpmind\metl\core\runtime\flow\RdbmsReaderFlowTest.java,class,false,33
BUTTON,org.jumpmind.metl.ui.views.design.FlowPaletteItem,7,2,1,15,0,7,1,7,D:\Projetos\_Web\metl\metl-ui\src\main\java\org\jumpmind\metl\ui\views\design\FlowPaletteItem.java,class,false,63
TEST,org.jumpmind.metl.core.runtime.flow.DeduperFlowTest,3,1,5,0,0,3,2,3,D:\Projetos\_Web\metl\metl-develop\src\test\java\org\jumpmind\metl\core\runtime\flow\DeduperFlowTest.java,class,false,34
ABSTRACTCOMPONENTRUNTIME,org.jumpmind.metl.core.runtime.component.Sorter,10,2,24,36,0,10,92,79,D:\Projetos\_Web\metl\comp-sorter\src\main\java\org\jumpmind\metl\core\runtime\component\Sorter.java,class,false,367
XMLABSTRACTDEFINITION,org.jumpmind.metl.core.plugin.XMLResourceDefinition,4,2,2,4,0,4,2,4,D:\Projetos\_Web\metl\metl-core\src\main\java\org\jumpmind\metl\core\plugin\XMLResourceDefinition.java,class,false,35
[IFLOWMANIPULATOR],org.jumpmind.metl.core.runtime.component.EmbedFlowFlowManipulator,2,1,7,1,0,2,16,9,D:\Projetos\_Web\metl\metl-core\src\main\java\org\jumpmind\metl\core\runtime\component\EmbedFlowFlowManipulator.java,class,false,83
ABSTRACTCOMPONENTRUNTIME,org.jumpmind.metl.core.runtime.component.SqlExecutor,4,3,10,2,0,4,27,21,D:\Projetos\_Web\metl\comp-sql-execute\src\main\java\org\jumpmind\metl\core\runtime\component\SqlExecutor.java,class,false,139
MOCKDRIVER,org.jumpmind.metl.core.util.MockJdbcDriver,8,2,16,48,0,8,32,35,D:\Projetos\_Web\metl\metl-core\src\main\java\org\jumpmind\metl\core\util\MockJdbcDriver.java,class,false,165
RESIZABLEWINDOW,org.jumpmind.metl.ui.views.design.ChangeDependencyVersionDialog,8,2,20,12,0,8,44,11,D:\Projetos\_Web\metl\metl-ui\src\main\java\org\jumpmind\metl\ui\views\design\ChangeDependencyVersionDialog.java,class,false,137
STANDALONEFLOWRUNNER,org.jumpmind.metl.core.runtime.StandaloneTestFlowRunner,3,2,3,3,0,3,12,6,D:\Projetos\_Web\metl\metl-develop\src\test\java\org\jumpmind\metl\core\runtime\StandaloneTestFlowRunner.java,class,false,39
VIEW,org.jumpmind.metl.ui.views.design.EditFlowPanel,31,2,63,39,0,31,193,151,D:\Projetos\_Web\metl\metl-ui\src\main\java\org\jumpmind\metl\ui\views\design\EditFlowPanel.java,class,false,722
[COMPARATOR],org.jumpmind.metl.core.model.AbstractObjectCreateTimeDescSorter,3,1,1,3,0,3,4,5,D:\Projetos\_Web\metl\metl-core\src\main\java\org\jumpmind\metl\core\model\AbstractObjectCreateTimeDescSorter.java,class,false,48
TEXTFIELD,org.jumpmind.metl.ui.common.EnableFocusTextField,6,2,4,7,0,6,0,12,D:\Projetos\_Web\metl\metl-ui\src\main\java\org\jumpmind\metl\ui\common\EnableFocusTextField.java,class,false,71
ENTITY,org.jumpmind.metl.core.plugin.XMLSettings,2,1,1,0,0,2,0,2,D:\Projetos\_Web\metl\metl-core\src\main\java\org\jumpmind\metl\core\plugin\XMLSettings.java,class,false,50
VIEW,org.jumpmind.metl.ui.views.admin.NotificationPanel,14,2,25,43,0,14,54,26,D:\Projetos\_Web\metl\metl-ui\src\main\java\org\jumpmind\metl\ui\views\admin\NotificationPanel.java,class,false,217
VIEW,org.jumpmind.metl.ui.views.deploy.SelectPackagePanel,4,2,7,0,0,4,16,5,D:\Projetos\_Web\metl\metl-ui\src\main\java\org\jumpmind\metl\ui\views\deploy\SelectPackagePanel.java,class,false,64
VIEW,org.jumpmind.metl.ui.views.admin.GeneralSettingsPanel,8,2,14,26,0,8,29,17,D:\Projetos\_Web\metl\metl-ui\src\main\java\org\jumpmind\metl\ui\views\admin\GeneralSettingsPanel.java,class,false,192
ABSTRACTSELECTEDVALUEMENUMANAGER,org.jumpmind.metl.ui.views.design.menu.ResourceMenuManager,4,3,2,6,0,4,6,10,D:\Projetos\_Web\metl\metl-ui\src\main\java\org\jumpmind\metl\ui\views\design\menu\ResourceMenuManager.java,class,false,62
VERTICALSPLITPANEL,org.jumpmind.metl.ui.views.deploy.EditAgentDeploymentPanel,16,2,30,87,0,16,84,67,D:\Projetos\_Web\metl\metl-ui\src\main\java\org\jumpmind\metl\ui\views\deploy\EditAgentDeploymentPanel.java,class,false,363
ABSTRACTCOMPONENTRUNTIME,org.jumpmind.metl.core.runtime.component.Delay,3,2,4,1,0,3,6,5,D:\Projetos\_Web\metl\comp-control\src\main\java\org\jumpmind\metl\core\runtime\component\Delay.java,class,false,57
TEST,org.jumpmind.metl.core.runtime.flow.DataDiffFlowTest,3,1,5,0,0,3,2,3,D:\Projetos\_Web\metl\metl-develop\src\test\java\org\jumpmind\metl\core\runtime\flow\DataDiffFlowTest.java,class,false,34
ABSTRACTDIRECTORY,org.jumpmind.metl.core.runtime.resource.FtpDirectory,36,2,12,669,0,36,38,69,D:\Projetos\_Web\metl\resource-core\src\main\java\org\jumpmind\metl\core\runtime\resource\FtpDirectory.java,class,false,353
ENTITY,org.jumpmind.metl.ui.diagram.Node,32,1,0,462,0,32,2,32,D:\Projetos\_Web\metl\metl-ui\src\main\java\org\jumpmind\metl\ui\diagram\Node.java,class,false,175
ABSTRACTSELECTEDVALUEMENUMANAGER,org.jumpmind.metl.ui.views.design.menu.ModelMenuManager,4,3,2,6,0,4,6,10,D:\Projetos\_Web\metl\metl-ui\src\main\java\org\jumpmind\metl\ui\views\design\menu\ModelMenuManager.java,class,false,63
EXCEPTION,org.jumpmind.metl.core.runtime.MisconfiguredException,5,2,0,10,0,5,1,6,D:\Projetos\_Web\metl\metl-core\src\main\java\org\jumpmind\metl\core\runtime\MisconfiguredException.java,class,false,46
VIEW,org.jumpmind.metl.core.plugin.PluginTransferListener,10,2,6,15,0,10,33,31,D:\Projetos\_Web\metl\metl-core\src\main\java\org\jumpmind\metl\core\plugin\PluginTransferListener.java,class,false,127
LINKEDHASHMAP,org.jumpmind.metl.core.runtime.MessageHeader,8,2,0,18,0,8,4,11,D:\Projetos\_Web\metl\metl-core\src\main\java\org\jumpmind\metl\core\runtime\MessageHeader.java,class,false,80
WINDOW,org.jumpmind.metl.ui.common.ImportDialog,7,2,15,4,0,7,34,16,D:\Projetos\_Web\metl\metl-ui\src\main\java\org\jumpmind\metl\ui\common\ImportDialog.java,class,false,172
UNDEFINED,org.jumpmind.metl.core.persist.SchemaSpy,1,1,1,0,0,1,4,1,D:\Projetos\_Web\metl\metl-core\src\test\java\org\jumpmind\metl\core\persist\SchemaSpy.java,class,false,39
[IAGENTMANAGER],org.jumpmind.metl.core.runtime.AgentManager,11,1,13,7,0,11,21,29,D:\Projetos\_Web\metl\metl-core\src\main\java\org\jumpmind\metl\core\runtime\AgentManager.java,class,false,174
MODEL,org.jumpmind.metl.core.model.AgentName,4,4,2,4,0,4,6,4,D:\Projetos\_Web\metl\metl-core\src\main\java\org\jumpmind\metl\core\model\AgentName.java,class,false,46
ABSTRACTRUNTIMEOBJECT,org.jumpmind.metl.core.runtime.resource.Ftp,3,3,4,0,0,3,4,4,D:\Projetos\_Web\metl\resource-core\src\main\java\org\jumpmind\metl\core\runtime\resource\Ftp.java,class,false,64
MODEL,org.jumpmind.metl.core.model.Project,11,3,2,37,0,11,1,14,D:\Projetos\_Web\metl\metl-core\src\main\java\org\jumpmind\metl\core\model\Project.java,class,false,90
ABSTRACTCOMPONENTRUNTIME,org.jumpmind.metl.core.runtime.component.RdbmsWriter,52,3,33,1114,0,52,130,224,D:\Projetos\_Web\metl\comp-rdbms-writer\src\main\java\org\jumpmind\metl\core\runtime\component\RdbmsWriter.java,class,false,776
ABSTRACTDIRECTORY,org.jumpmind.metl.core.runtime.resource.LocalFileDirectory,32,2,5,386,0,32,36,63,D:\Projetos\_Web\metl\resource-core\src\main\java\org\jumpmind\metl\core\runtime\resource\LocalFileDirectory.java,class,false,298
VIEW,org.jumpmind.metl.ui.init.AppInitializer,13,1,22,70,0,13,92,52,D:\Projetos\_Web\metl\metl-ui\src\main\java\org\jumpmind\metl\ui\init\AppInitializer.java,class,false,332
SERVICE,org.jumpmind.metl.core.persist.PluginService,10,2,11,66,0,10,13,13,D:\Projetos\_Web\metl\metl-core\src\main\java\org\jumpmind\metl\core\persist\PluginService.java,class,false,101
WINDOW,org.jumpmind.metl.ui.common.InProgressDialog,5,2,12,18,0,5,24,13,D:\Projetos\_Web\metl\metl-ui\src\main\java\org\jumpmind\metl\ui\common\InProgressDialog.java,class,false,120
ABSTRACTSELECTEDVALUEMENUMANAGER,org.jumpmind.metl.ui.views.design.menu.FolderMenuManager,3,3,2,3,0,3,5,7,D:\Projetos\_Web\metl\metl-ui\src\main\java\org\jumpmind\metl\ui\views\design\menu\FolderMenuManager.java,class,false,49
ENTITY,org.jumpmind.metl.core.model.AgentProjectVersionFlowDeployment,10,1,4,13,0,10,2,10,D:\Projetos\_Web\metl\metl-core\src\main\java\org\jumpmind\metl\core\model\AgentProjectVersionFlowDeployment.java,class,false,56
VIEW,org.jumpmind.metl.ui.views.admin.NotificationEditPanel,12,2,17,0,0,12,67,57,D:\Projetos\_Web\metl\metl-ui\src\main\java\org\jumpmind\metl\ui\views\admin\NotificationEditPanel.java,class,false,332
MODEL,org.jumpmind.metl.core.model.ReleasePackageProjectVersion,6,2,1,3,0,6,0,6,D:\Projetos\_Web\metl\metl-core\src\main\java\org\jumpmind\metl\core\model\ReleasePackageProjectVersion.java,class,false,54
MODEL,org.jumpmind.metl.core.model.ComponentSetting,5,3,2,4,0,5,0,5,D:\Projetos\_Web\metl\metl-core\src\main\java\org\jumpmind\metl\core\model\ComponentSetting.java,class,false,49
MODEL,org.jumpmind.metl.core.model.AbstractName,10,3,2,33,8,10,3,12,D:\Projetos\_Web\metl\metl-core\src\main\java\org\jumpmind\metl\core\model\AbstractName.java,class,false,86
MODEL,org.jumpmind.metl.core.model.ExecutionStep,34,2,2,513,0,34,5,35,D:\Projetos\_Web\metl\metl-core\src\main\java\org\jumpmind\metl\core\model\ExecutionStep.java,class,false,200
PERSISTENCE,org.jumpmind.metl.core.util.DatabaseScript,18,1,3,97,0,18,10,62,D:\Projetos\_Web\metl\metl-core\src\main\java\org\jumpmind\metl\core\util\DatabaseScript.java,class,false,195
[IUICACHE],org.jumpmind.metl.ui.persist.UICache,14,1,16,31,0,14,49,103,D:\Projetos\_Web\metl\metl-ui\src\main\java\org\jumpmind\metl\ui\persist\UICache.java,class,false,314
ABSTRACTRUNTIMEOBJECT,org.jumpmind.metl.core.runtime.resource.Sftp,3,3,4,0,0,3,4,3,D:\Projetos\_Web\metl\resource-core\src\main\java\org\jumpmind\metl\core\runtime\resource\Sftp.java,class,false,72
ABSTRACTCOMPONENTRUNTIME,org.jumpmind.metl.core.runtime.component.EmailWriter,9,2,12,20,0,9,51,61,D:\Projetos\_Web\metl\comp-email\src\main\java\org\jumpmind\metl\core\runtime\component\EmailWriter.java,class,false,245
UNDEFINED,org.jumpmind.metl.core.runtime.component.ScriptHelper,36,1,27,374,0,36,48,65,D:\Projetos\_Web\metl\comp-groovy\src\main\java\org\jumpmind\metl\core\runtime\component\ScriptHelper.java,class,false,556
UNDEFINED,org.jumpmind.metl.core.runtime.StandaloneFlowRunner,11,1,23,31,1,11,49,28,D:\Projetos\_Web\metl\metl-core\src\main\java\org\jumpmind\metl\core\runtime\StandaloneFlowRunner.java,class,false,232
[IEXECUTIONTRACKER],org.jumpmind.metl.core.runtime.ExecutionTrackerNoOp,10,1,3,43,0,10,0,10,D:\Projetos\_Web\metl\metl-core\src\main\java\org\jumpmind\metl\core\runtime\ExecutionTrackerNoOp.java,class,false,72
VIEW,org.jumpmind.metl.ui.views.explore.ExploreDirectoryView,14,2,30,51,0,14,64,42,D:\Projetos\_Web\metl\metl-ui\src\main\java\org\jumpmind\metl\ui\views\explore\ExploreDirectoryView.java,class,false,263
ABSTRACTCOMPONENTRUNTIME,org.jumpmind.metl.core.runtime.component.BinaryFileReader,3,3,7,3,0,3,19,15,D:\Projetos\_Web\metl\comp-file\src\main\java\org\jumpmind\metl\core\runtime\component\BinaryFileReader.java,class,false,77
VIEW,org.jumpmind.metl.ui.views.admin.UserPanel,13,2,20,30,0,13,44,20,D:\Projetos\_Web\metl\metl-ui\src\main\java\org\jumpmind\metl\ui\views\admin\UserPanel.java,class,false,193
EVENT,org.jumpmind.metl.ui.diagram.LinkEvent,4,2,2,0,0,4,0,4,D:\Projetos\_Web\metl\metl-ui\src\main\java\org\jumpmind\metl\ui\diagram\LinkEvent.java,class,false,55
MODEL,org.jumpmind.metl.core.model.UserGroup,6,2,1,3,0,6,0,6,D:\Projetos\_Web\metl\metl-core\src\main\java\org\jumpmind\metl\core\model\UserGroup.java,class,false,55
RESIZABLEWINDOW,org.jumpmind.metl.ui.views.deploy.EditAgentParametersDialog,6,2,24,2,0,6,33,13,D:\Projetos\_Web\metl\metl-ui\src\main\java\org\jumpmind\metl\ui\views\deploy\EditAgentParametersDialog.java,class,false,147
ENTITY,org.jumpmind.metl.core.plugin.XMLSettingChoices,4,1,0,0,0,4,1,4,D:\Projetos\_Web\metl\metl-core\src\main\java\org\jumpmind\metl\core\plugin\XMLSettingChoices.java,class,false,59
ABSTRACTCOMPONENTRUNTIME,org.jumpmind.metl.core.runtime.component.ExcelFileReader,6,3,12,11,0,6,52,48,D:\Projetos\_Web\metl\comp-excel\src\main\java\org\jumpmind\metl\core\runtime\component\ExcelFileReader.java,class,false,243
VIEW,org.jumpmind.metl.ui.views.explore.ExploreDataSourceView,3,2,10,1,0,3,7,3,D:\Projetos\_Web\metl\metl-ui\src\main\java\org\jumpmind\metl\ui\views\explore\ExploreDataSourceView.java,class,false,73
VIEW,org.jumpmind.metl.ui.views.design.PropertySheet,19,2,42,48,0,19,138,175,D:\Projetos\_Web\metl\metl-ui\src\main\java\org\jumpmind\metl\ui\views\design\PropertySheet.java,class,false,763
ABSTRACTCOMPONENTRUNTIME,org.jumpmind.metl.core.runtime.component.TextConstant,4,2,5,0,0,4,16,16,D:\Projetos\_Web\metl\comp-text\src\main\java\org\jumpmind\metl\core\runtime\component\TextConstant.java,class,false,111
ABSTRACTCOMPONENTRUNTIME,org.jumpmind.metl.core.runtime.component.SequenceGenerator,4,3,8,2,0,4,30,43,D:\Projetos\_Web\metl\comp-sequence\src\main\java\org\jumpmind\metl\core\runtime\component\SequenceGenerator.java,class,false,192
JAVASCRIPTCOMPONENTSTATE,org.jumpmind.metl.ui.diagram.DiagramState,0,2,2,0,0,0,0,0,D:\Projetos\_Web\metl\metl-ui\src\main\java\org\jumpmind\metl\ui\diagram\DiagramState.java,class,false,36
ABSTRACTCOMPONENTRUNTIME,org.jumpmind.metl.core.runtime.component.FileUtil,9,2,11,8,0,9,32,66,D:\Projetos\_Web\metl\comp-file\src\main\java\org\jumpmind\metl\core\runtime\component\FileUtil.java,class,false,251
ABSTRACTCOMPONENTRUNTIME,org.jumpmind.metl.core.runtime.component.HttpResponse,7,3,7,13,0,7,12,21,D:\Projetos\_Web\metl\comp-service\src\main\java\org\jumpmind\metl\core\runtime\component\HttpResponse.java,class,false,73
UNDEFINED,org.jumpmind.metl.core.util.AppConstants,1,1,0,0,0,1,0,1,D:\Projetos\_Web\metl\metl-core\src\main\java\org\jumpmind\metl\core\util\AppConstants.java,class,false,39
UNDEFINED,org.jumpmind.metl.ui.common.UIConstants,1,1,0,0,0,1,0,1,D:\Projetos\_Web\metl\metl-ui\src\main\java\org\jumpmind\metl\ui\common\UIConstants.java,class,false,36
VIEW,org.jumpmind.metl.ui.views.design.EditModelPanel,41,2,41,654,0,41,141,171,D:\Projetos\_Web\metl\metl-ui\src\main\java\org\jumpmind\metl\ui\views\design\EditModelPanel.java,class,false,804
MODEL,org.jumpmind.metl.core.model.Folder,21,3,3,180,0,21,7,24,D:\Projetos\_Web\metl\metl-core\src\main\java\org\jumpmind\metl\core\model\Folder.java,class,false,139
JAVASCRIPTCOMPONENTSTATE,org.jumpmind.metl.ui.mapping.MappingDiagramState,0,2,3,0,0,0,0,0,D:\Projetos\_Web\metl\comp-map\src\main\java\org\jumpmind\metl\ui\mapping\MappingDiagramState.java,class,false,41
TEST,org.jumpmind.metl.core.runtime.flow.BinaryFileWriterFlowTest,3,1,5,0,0,3,2,3,D:\Projetos\_Web\metl\metl-develop\src\test\java\org\jumpmind\metl\core\runtime\flow\BinaryFileWriterFlowTest.java,class,false,54
VIEW,org.jumpmind.metl.ui.views.deploy.SelectFlowsPanel,6,2,9,0,0,6,39,27,D:\Projetos\_Web\metl\metl-ui\src\main\java\org\jumpmind\metl\ui\views\deploy\SelectFlowsPanel.java,class,false,155
MODEL,org.jumpmind.metl.core.model.Group,9,3,3,10,0,9,3,12,D:\Projetos\_Web\metl\metl-core\src\main\java\org\jumpmind\metl\core\model\Group.java,class,false,80
VIEW,org.jumpmind.metl.ui.views.admin.MailServerPanel,7,2,18,85,0,7,42,25,D:\Projetos\_Web\metl\metl-ui\src\main\java\org\jumpmind\metl\ui\views\admin\MailServerPanel.java,class,false,224
TEST,org.jumpmind.metl.core.runtime.component.ModelAttributeScriptHelperTest,1,1,2,0,0,1,3,1,D:\Projetos\_Web\metl\comp-abstract\src\test\java\org\jumpmind\metl\core\runtime\component\ModelAttributeScriptHelperTest.java,class,false,39
UNDEFINED,org.jumpmind.metl.core.util.VersionUtils,5,1,1,2,0,5,15,13,D:\Projetos\_Web\metl\metl-core\src\main\java\org\jumpmind\metl\core\util\VersionUtils.java,class,false,86
UNDEFINED,org.jumpmind.metl.Develop,1,1,7,0,0,1,20,1,D:\Projetos\_Web\metl\metl-develop\src\test\java\org\jumpmind\metl\Develop.java,class,false,76
PANEL,org.jumpmind.metl.ui.views.design.ProjectVersionSettingsPanel,13,2,27,68,0,13,65,24,D:\Projetos\_Web\metl\metl-ui\src\main\java\org\jumpmind\metl\ui\views\design\ProjectVersionSettingsPanel.java,class,false,276
VIEW,org.jumpmind.metl.ui.common.PageNotFoundView,2,2,5,0,0,2,9,4,D:\Projetos\_Web\metl\metl-ui\src\main\java\org\jumpmind\metl\ui\common\PageNotFoundView.java,class,false,57
UNDEFINED,org.jumpmind.metl.core.runtime.component.helpers.ModelEntityBuilder,6,1,3,0,0,6,5,6,D:\Projetos\_Web\metl\metl-core\src\main\java\org\jumpmind\metl\core\runtime\component\helpers\ModelEntityBuilder.java,class,false,59
VIEW,org.jumpmind.metl.ui.views.design.EditSorterPanel,34,3,33,448,0,34,101,194,D:\Projetos\_Web\metl\comp-sorter\src\main\java\org\jumpmind\metl\ui\views\design\EditSorterPanel.java,class,false,674
MESSAGE,org.jumpmind.metl.core.runtime.TextMessage,3,3,2,3,0,3,1,5,D:\Projetos\_Web\metl\metl-core\src\main\java\org\jumpmind\metl\core\runtime\TextMessage.java,class,false,25
ABSTRACTCOMPONENTRUNTIME,org.jumpmind.metl.core.runtime.component.Web,7,2,10,17,0,7,39,38,D:\Projetos\_Web\metl\comp-webrequest\src\main\java\org\jumpmind\metl\core\runtime\component\Web.java,class,false,213
MODEL,org.jumpmind.metl.core.model.GroupPrivilege,6,3,1,3,0,6,0,6,D:\Projetos\_Web\metl\metl-core\src\main\java\org\jumpmind\metl\core\model\GroupPrivilege.java,class,false,57
ENTITY,org.jumpmind.metl.core.plugin.XMLSetting,18,1,2,117,0,18,0,18,D:\Projetos\_Web\metl\metl-core\src\main\java\org\jumpmind\metl\core\plugin\XMLSetting.java,class,false,162
ABSTRACTCOMPONENTRUNTIME,org.jumpmind.metl.core.runtime.component.FilePoller,13,2,15,48,0,13,70,89,D:\Projetos\_Web\metl\comp-file\src\main\java\org\jumpmind\metl\core\runtime\component\FilePoller.java,class,false,416
SERVICE,org.jumpmind.metl.ui.persist.AuditableConfigurationService,10,3,19,43,0,10,40,30,D:\Projetos\_Web\metl\metl-ui\src\main\java\org\jumpmind\metl\ui\persist\AuditableConfigurationService.java,class,false,150
[IDIRECTORY],org.jumpmind.metl.core.runtime.resource.HttpDirectory,42,1,10,797,0,42,52,67,D:\Projetos\_Web\metl\resource-core\src\main\java\org\jumpmind\metl\core\runtime\resource\HttpDirectory.java,class,false,403
ABSTRACTRUNTIMEOBJECT,org.jumpmind.metl.core.runtime.resource.LocalFile,3,3,4,0,0,3,3,3,D:\Projetos\_Web\metl\resource-core\src\main\java\org\jumpmind\metl\core\runtime\resource\LocalFile.java,class,false,52
SERVICE,org.jumpmind.metl.core.persist.ImportExportService,69,2,35,1978,0,69,147,184,D:\Projetos\_Web\metl\metl-core\src\main\java\org\jumpmind\metl\core\persist\ImportExportService.java,class,false,1006
ENTITY,org.jumpmind.metl.ui.definition.XMLComponentUI,10,1,0,35,0,10,0,10,D:\Projetos\_Web\metl\metl-ui\src\main\java\org\jumpmind\metl\ui\definition\XMLComponentUI.java,class,false,91
UNDEFINED,org.jumpmind.metl.core.persist.AbstractService,15,1,9,9,5,15,36,39,D:\Projetos\_Web\metl\metl-core\src\main\java\org\jumpmind\metl\core\persist\AbstractService.java,class,false,185
UNDEFINED,org.jumpmind.metl.core.runtime.component.helpers.ModelAttributeBuilder,7,1,2,0,0,7,5,7,D:\Projetos\_Web\metl\metl-core\src\main\java\org\jumpmind\metl\core\runtime\component\helpers\ModelAttributeBuilder.java,class,false,59
VIEW,org.jumpmind.metl.ui.views.admin.ApiPanel,4,2,6,6,0,4,9,4,D:\Projetos\_Web\metl\metl-ui\src\main\java\org\jumpmind\metl\ui\views\admin\ApiPanel.java,class,false,62
ENTITY,org.jumpmind.metl.ui.api.RestError,8,1,0,10,0,8,2,8,D:\Projetos\_Web\metl\metl-ui\src\main\java\org\jumpmind\metl\ui\api\RestError.java,class,false,67
ABSTRACTDIRECTORY,org.jumpmind.metl.core.runtime.resource.JMSJndiTopicDirectory,7,3,12,21,0,7,14,13,D:\Projetos\_Web\metl\resource-core\src\main\java\org\jumpmind\metl\core\runtime\resource\JMSJndiTopicDirectory.java,class,false,80
VIEW,org.jumpmind.metl.ui.mapping.EditMappingPanel,15,3,28,45,0,15,71,45,D:\Projetos\_Web\metl\comp-map\src\main\java\org\jumpmind\metl\ui\mapping\EditMappingPanel.java,class,false,308
ABSTRACTCOMPONENTRUNTIME,org.jumpmind.metl.core.runtime.component.ContentRouter,12,2,13,26,0,12,45,63,D:\Projetos\_Web\metl\comp-route\src\main\java\org\jumpmind\metl\core\runtime\component\ContentRouter.java,class,false,250
VIEW,org.jumpmind.metl.ui.views.explore.ExploreServicesView,3,2,9,3,0,3,7,3,D:\Projetos\_Web\metl\metl-ui\src\main\java\org\jumpmind\metl\ui\views\explore\ExploreServicesView.java,class,false,69
VIEW,org.jumpmind.metl.ui.views.admin.AboutPanel,8,2,8,24,0,8,36,8,D:\Projetos\_Web\metl\metl-ui\src\main\java\org\jumpmind\metl\ui\views\admin\AboutPanel.java,class,false,135
VIEW,org.jumpmind.metl.ui.common.ButtonBar,8,2,9,14,0,8,16,10,D:\Projetos\_Web\metl\metl-ui\src\main\java\org\jumpmind\metl\ui\common\ButtonBar.java,class,false,133
[IHTTPREQUESTMAPPINGREGISTRY],org.jumpmind.metl.core.runtime.web.HttpRequestMappingRegistry,4,1,7,0,0,4,16,21,D:\Projetos\_Web\metl\metl-core\src\main\java\org\jumpmind\metl\core\runtime\web\HttpRequestMappingRegistry.java,class,false,89
[IEXECUTIONTRACKER],org.jumpmind.metl.core.runtime.ExecutionTrackerLogger,11,1,6,0,1,11,19,20,D:\Projetos\_Web\metl\metl-core\src\main\java\org\jumpmind\metl\core\runtime\ExecutionTrackerLogger.java,class,false,135
VIEW,org.jumpmind.metl.core.runtime.component.HttpRequestDeploymentListener,5,1,17,4,0,5,41,18,D:\Projetos\_Web\metl\comp-service\src\main\java\org\jumpmind\metl\core\runtime\component\HttpRequestDeploymentListener.java,class,false,118
MODEL,org.jumpmind.metl.core.model.ModelName,2,4,2,1,0,2,10,2,D:\Projetos\_Web\metl\metl-core\src\main\java\org\jumpmind\metl\core\model\ModelName.java,class,false,41
ABSTRACTCOMPONENTRUNTIME,org.jumpmind.metl.core.runtime.component.HttpRequest,6,3,5,15,0,6,10,8,D:\Projetos\_Web\metl\comp-service\src\main\java\org\jumpmind\metl\core\runtime\component\HttpRequest.java,class,false,74
MODEL,org.jumpmind.metl.core.model.ModelAttribute,19,3,4,135,0,19,5,19,D:\Projetos\_Web\metl\metl-core\src\main\java\org\jumpmind\metl\core\model\ModelAttribute.java,class,false,119
VIEW,org.jumpmind.metl.ui.views.admin.PluginsPanel,14,2,14,48,0,14,54,34,D:\Projetos\_Web\metl\metl-ui\src\main\java\org\jumpmind\metl\ui\views\admin\PluginsPanel.java,class,false,233
RESIZABLEWINDOW,org.jumpmind.metl.ui.views.design.ImagePreviewDialog,1,2,7,1,0,1,13,2,D:\Projetos\_Web\metl\metl-ui\src\main\java\org\jumpmind\metl\ui\views\design\ImagePreviewDialog.java,class,false,59
MODEL,org.jumpmind.metl.core.model.UserSetting,4,3,1,0,0,4,0,4,D:\Projetos\_Web\metl\metl-core\src\main\java\org\jumpmind\metl\core\model\UserSetting.java,class,false,51
ENTITY,org.jumpmind.metl.ui.definition.XMLUI,2,1,1,0,0,2,0,2,D:\Projetos\_Web\metl\metl-ui\src\main\java\org\jumpmind\metl\ui\definition\XMLUI.java,class,false,48
VIEW,org.jumpmind.metl.ui.views.design.EditXsltPanel,11,3,23,41,0,11,63,35,D:\Projetos\_Web\metl\comp-xml\src\main\java\org\jumpmind\metl\ui\views\design\EditXsltPanel.java,class,false,233
UNDEFINED,org.jumpmind.metl.core.runtime.component.helpers.ModelBuilder,10,1,4,0,0,10,9,12,D:\Projetos\_Web\metl\metl-core\src\main\java\org\jumpmind\metl\core\runtime\component\helpers\ModelBuilder.java,class,false,84
ENTITY,org.jumpmind.metl.core.runtime.component.Results,6,1,0,3,0,6,0,6,D:\Projetos\_Web\metl\metl-core\src\main\java\org\jumpmind\metl\core\runtime\component\Results.java,class,false,36
ABSTRACTCOMPONENTRUNTIME,org.jumpmind.metl.core.runtime.component.Serializer,4,3,9,0,0,4,38,37,D:\Projetos\_Web\metl\comp-serialize\src\main\java\org\jumpmind\metl\core\runtime\component\Serializer.java,class,false,151
VIEW,org.jumpmind.metl.ui.views.deploy.ValidateFlowDeploymentPanel,32,2,14,360,0,32,50,39,D:\Projetos\_Web\metl\metl-ui\src\main\java\org\jumpmind\metl\ui\views\deploy\ValidateFlowDeploymentPanel.java,class,false,250
ENTITY,org.jumpmind.metl.core.model.AbstractObject,15,1,1,95,10,15,7,20,D:\Projetos\_Web\metl\metl-core\src\main\java\org\jumpmind\metl\core\model\AbstractObject.java,class,false,113
ENTITY,org.jumpmind.metl.core.model.Plugin,27,1,1,159,1,27,8,64,D:\Projetos\_Web\metl\metl-core\src\main\java\org\jumpmind\metl\core\model\Plugin.java,class,false,181
ABSTRACTCOMPONENTRUNTIME,org.jumpmind.metl.core.runtime.component.TempRdbms,8,3,23,14,0,8,76,34,D:\Projetos\_Web\metl\comp-temp-rdbms\src\main\java\org\jumpmind\metl\core\runtime\component\TempRdbms.java,class,false,219
PERSISTENCE,org.jumpmind.metl.core.runtime.resource.HttpOutputStream,5,2,3,0,0,5,15,16,D:\Projetos\_Web\metl\resource-core\src\main\java\org\jumpmind\metl\core\runtime\resource\HttpOutputStream.java,class,false,105
VIEW,org.jumpmind.metl.ui.views.deploy.EditAgentPanel,29,2,48,241,0,29,143,93,D:\Projetos\_Web\metl\metl-ui\src\main\java\org\jumpmind\metl\ui\views\deploy\EditAgentPanel.java,class,false,564
WINDOW,org.jumpmind.metl.ui.views.design.ChooseWsdlServiceOperationWindow,2,2,10,10,0,2,28,8,D:\Projetos\_Web\metl\metl-ui\src\main\java\org\jumpmind\metl\ui\views\design\ChooseWsdlServiceOperationWindow.java,class,false,112
ENTITY,org.jumpmind.metl.core.runtime.web.HttpRequestMapping,24,1,4,224,0,24,8,28,D:\Projetos\_Web\metl\metl-core\src\main\java\org\jumpmind\metl\core\runtime\web\HttpRequestMapping.java,class,false,141
UNDEFINED,org.jumpmind.metl.ui.common.Icons,1,1,1,0,0,1,0,1,D:\Projetos\_Web\metl\metl-ui\src\main\java\org\jumpmind\metl\ui\common\Icons.java,class,false,96
VIEW,org.jumpmind.metl.ui.views.admin.PluginRepositoriesPanel,13,2,21,30,0,13,46,20,D:\Projetos\_Web\metl\metl-ui\src\main\java\org\jumpmind\metl\ui\views\admin\PluginRepositoriesPanel.java,class,false,193
TABSHEET,org.jumpmind.metl.ui.common.TabbedPanel,13,2,11,58,0,13,40,46,D:\Projetos\_Web\metl\metl-ui\src\main\java\org\jumpmind\metl\ui\common\TabbedPanel.java,class,false,209
ABSTRACTCOMPONENTRUNTIME,org.jumpmind.metl.core.runtime.component.AbstractHttpRequestResponse,0,2,1,0,2,0,0,0,D:\Projetos\_Web\metl\comp-service\src\main\java\org\jumpmind\metl\core\runtime\component\AbstractHttpRequestResponse.java,class,false,5
ENTITY,org.jumpmind.metl.ui.init.AppSession,12,1,3,28,0,12,4,12,D:\Projetos\_Web\metl\metl-ui\src\main\java\org\jumpmind\metl\ui\init\AppSession.java,class,false,98
ABSTRACTCOMPONENTRUNTIME,org.jumpmind.metl.core.runtime.component.DataDiff,9,2,25,27,0,9,94,81,D:\Projetos\_Web\metl\comp-data-diff\src\main\java\org\jumpmind\metl\core\runtime\component\DataDiff.java,class,false,434
TEST,org.jumpmind.metl.core.runtime.flow.XmlParserFlowTest,3,1,5,0,0,3,2,3,D:\Projetos\_Web\metl\metl-develop\src\test\java\org\jumpmind\metl\core\runtime\flow\XmlParserFlowTest.java,class,false,54
ABSTRACTDIRECTORY,org.jumpmind.metl.core.runtime.resource.SMBDirectory,30,2,5,405,0,30,21,45,D:\Projetos\_Web\metl\resource-core\src\main\java\org\jumpmind\metl\core\runtime\resource\SMBDirectory.java,class,false,233
SERVICE,org.jumpmind.metl.core.persist.ConfigurationService,109,2,42,5824,1,109,276,284,D:\Projetos\_Web\metl\metl-core\src\main\java\org\jumpmind\metl\core\persist\ConfigurationService.java,class,false,1642
VIEW,org.jumpmind.metl.ui.views.design.EditDeduperPanel,34,3,35,480,0,34,97,78,D:\Projetos\_Web\metl\metl-ui\src\main\java\org\jumpmind\metl\ui\views\design\EditDeduperPanel.java,class,false,417
ASYNCTASK,org.jumpmind.metl.core.job.BackupJob,4,1,7,0,0,4,29,9,D:\Projetos\_Web\metl\metl-core\src\main\java\org\jumpmind\metl\core\job\BackupJob.java,class,false,83
UNDEFINED,org.jumpmind.metl.core.util.EnvConstants,1,1,0,0,0,1,0,1,D:\Projetos\_Web\metl\metl-core\src\main\java\org\jumpmind\metl\core\util\EnvConstants.java,class,false,41
MODEL,org.jumpmind.metl.core.model.UserHist,10,2,1,33,0,10,0,10,D:\Projetos\_Web\metl\metl-core\src\main\java\org\jumpmind\metl\core\model\UserHist.java,class,false,77
ABSTRACTCOMPONENTRUNTIME,org.jumpmind.metl.core.runtime.component.Multiplier,4,2,6,0,0,4,24,29,D:\Projetos\_Web\metl\metl-core\src\main\java\org\jumpmind\metl\core\runtime\component\Multiplier.java,class,false,123
MESSAGE,org.jumpmind.metl.core.runtime.EntityDataMessage,2,3,2,1,0,2,0,2,D:\Projetos\_Web\metl\metl-core\src\main\java\org\jumpmind\metl\core\runtime\EntityDataMessage.java,class,false,17
UNDEFINED,org.jumpmind.metl.core.utils.TestUtils,13,1,12,78,0,13,36,27,D:\Projetos\_Web\metl\metl-core\src\test\java\org\jumpmind\metl\core\utils\TestUtils.java,class,false,204
MODEL,org.jumpmind.metl.core.model.ProjectVersionDependency,9,3,2,20,0,9,7,13,D:\Projetos\_Web\metl\metl-core\src\main\java\org\jumpmind\metl\core\model\ProjectVersionDependency.java,class,false,76
[COMMITHANDLER],org.jumpmind.metl.ui.common.PostCommitHandler,3,1,2,1,0,3,1,3,D:\Projetos\_Web\metl\metl-ui\src\main\java\org\jumpmind\metl\ui\common\PostCommitHandler.java,class,false,26
EVENT,org.jumpmind.metl.ui.mapping.SelectEvent,3,2,2,0,0,3,0,3,D:\Projetos\_Web\metl\comp-map\src\main\java\org\jumpmind\metl\ui\mapping\SelectEvent.java,class,false,48
